,start,stop,strand,score,p-value,q-value,matched_sequence
0,471166.0,471189.0,+,20.7857,3.3500000000000002e-09,0.0442,TCACATTGCCCCGGATGTGCCGAC
1,747240.0,747263.0,+,19.8878,2.67e-08,0.177,CCACATTATGAGCCGGGGGGCGAC
2,4704281.0,4704304.0,-,18.8878,1.91e-07,0.616,CCACATTGACCACGGCAAGACGAC
3,1368036.0,1368059.0,+,18.8469,2.21e-07,0.616,TCACATTTTCCGAAAACGTGCGAC
4,1373309.0,1373332.0,+,18.8061,2.33e-07,0.616,TCACATTTCCGAAAAAAGCGCGAC
5,4719303.0,4719326.0,-,18.4184,3.44e-07,0.7559999999999999,CCACATTGATCACGGCAAGACGAC
6,2250244.0,2250267.0,-,18.2449,4.2700000000000005e-07,0.8059999999999999,TCACAATGTTTTTTCCGGTCCGAC
7,5177683.0,5177706.0,+,18.051,4.95e-07,0.8170000000000001,TCACAACGGCGGCGGGCTGGCGAC
8,5978532.0,5978555.0,+,17.6735,7.29e-07,0.946,CCACATTGCCCTGGTGGGGCCGAT
9,3851935.0,3851958.0,+,17.551,7.78e-07,0.946,TCACATTGTCACGGGCGCGGTGAC
10,468328.0,468351.0,-,17.3878,8.85e-07,0.946,CCACATCCGGCGTGCGGCTCCGAC
11,2270394.0,2270417.0,-,17.3571,9.15e-07,0.946,TCACATTGAGCAGCGGATTGCCAC
12,3111611.0,3111634.0,-,17.2653,1.04e-06,0.946,CCACAATGGCCCCGTCCGTGCCAC
13,4276170.0,4276193.0,-,17.1633,1.09e-06,0.946,TCACAATGCGTCGGAGCTGACCAC
14,3244678.0,3244701.0,-,17.1327,1.11e-06,0.946,TAACAATGCCCTTTCACAGCCGAC
15,4628166.0,4628189.0,+,17.102,1.15e-06,0.946,CCCCATTGAGGTGGGCGGCGCGAC
16,1374342.0,1374365.0,+,16.9898,1.27e-06,0.982,TCACATTCTGATTTTTATTACGAC
17,952332.0,952355.0,+,16.898,1.34e-06,0.982,CAACATTCCACCACATCAGGCGAC
18,5947782.0,5947805.0,+,16.5918,1.77e-06,1.0,CCCCATTGACGCCAGCAGGCCGAC
19,1823199.0,1823222.0,-,16.4898,1.9e-06,1.0,CAACATTCTGCCCCAGTTTTCGAC
20,5074306.0,5074329.0,-,16.398,2.06e-06,1.0,TCACATTCAAGACAGCGTTTCCAC
21,3946214.0,3946237.0,+,16.3265,2.23e-06,1.0,TAACAATGCGCGTCCGGGGGCGAT
22,1221163.0,1221186.0,-,16.3061,2.26e-06,1.0,CCACAATGATCTGGGGCTGGCCAC
23,286229.0,286252.0,-,16.0714,2.7000000000000004e-06,1.0,CCACATTTTTCTGCTGGTGCCCAC
24,4924493.0,4924516.0,+,16.0102,2.8e-06,1.0,CCACAATACGGCCATGCCTGCGAT
25,5699083.0,5699106.0,+,15.9694,2.87e-06,1.0,CCACAATGCCAAAGCGACCCCGAT
26,612834.0,612857.0,-,15.9592,2.8999999999999998e-06,1.0,CCACAAAATCGATCCCGGTCCGAC
27,1814236.0,1814259.0,-,15.7755,3.3e-06,1.0,CCACAATGCAAAGGCACTGGCCAC
28,3275119.0,3275142.0,-,15.7143,3.46e-06,1.0,TCACATAGGCCCCCAGCCCCAGAC
29,817550.0,817573.0,-,15.6735,3.58e-06,1.0,CCACATTGACAAGGGCAAACCGAT
30,2171356.0,2171379.0,+,15.6122,3.81e-06,1.0,TCACATTTTCCACCCGCCCCCCAT
31,4441083.0,4441106.0,-,15.5204,4.01e-06,1.0,TCACATCTCGCCGGCCGGAGCGAT
32,5281526.0,5281549.0,-,15.5204,4.01e-06,1.0,TCACATCCCAGCGTCCCGGCCGAT
33,2577743.0,2577766.0,+,15.5,4.06e-06,1.0,CCACAATCGGAAGGTCGGCCTGAC
34,368187.0,368210.0,+,15.4184,4.34e-06,1.0,TCACAATGAACTGAGTGGAACGAT
35,4676583.0,4676606.0,+,15.3571,4.49e-06,1.0,TCCCAATACACGGCCATATCCGAC
36,5870138.0,5870161.0,-,15.2755,4.68e-06,1.0,CAACAATATCATCCTGACCACGAC
37,5614113.0,5614136.0,-,15.2551,4.74e-06,1.0,TCCCATTTGCCCGCCCGGAGCGAT
38,969024.0,969047.0,-,15.2347,4.82e-06,1.0,TCCCATTGCGCGGGCGGCCGAGAC
39,1270937.0,1270960.0,+,15.2245,4.86e-06,1.0,CCACATTGCCCATGACTGCAAGAC
40,271944.0,271967.0,+,15.1837,5e-06,1.0,TCACATTTTTCGGCGATTCAAGAC
41,1737334.0,1737357.0,-,15.1531,5.13e-06,1.0,TCACAACGAAGGTGTCAATCCGAC
42,257904.0,257927.0,-,14.9184,5.95e-06,1.0,CCACATCATGGCCCGCCCCGCCAC
43,2642367.0,2642390.0,-,14.898,6.02e-06,1.0,CCACATAGCTGTCCGTCCGGCGAT
44,5367190.0,5367213.0,+,14.8367,6.19e-06,1.0,TCACAAAAGGCTGACACGCGCCAC
45,6072037.0,6072060.0,-,14.8163,6.25e-06,1.0,CCACATTGTTGGATTTATCCCGAT
46,814116.0,814139.0,-,14.7857,6.36e-06,1.0,TAACAAAGGCCGGAGAAATCCGAC
47,3403959.0,3403982.0,-,14.7857,6.36e-06,1.0,TAACAAATCAGCGGAAGAGGCGAC
48,4037165.0,4037188.0,+,14.7347,6.58e-06,1.0,TCACAATGTATGAAATCACACCAC
49,4735265.0,4735288.0,+,14.7347,6.58e-06,1.0,CCCCATTTTTCATCTGGCACCGAC
50,2759861.0,2759884.0,-,14.7143,6.65e-06,1.0,CCACATTAAGGAGCTGAAGGAGAC
51,2974202.0,2974225.0,+,14.6531,6.900000000000001e-06,1.0,TCACATTGCTGCTTGCAGCACCAT
52,2183000.0,2183023.0,-,14.6429,6.93e-06,1.0,CCACATCGGCGCGGAGGTGGCGAT
53,6495844.0,6495867.0,-,14.6429,6.93e-06,1.0,CAACATTGAGCACGCGGCCCAGAC
54,4587819.0,4587842.0,-,14.5816,7.21e-06,1.0,TAACATTCCGCTCCTGGAGATGAC
55,4810922.0,4810945.0,+,14.5408,7.41e-06,1.0,CCACAATGCGTTCGGCCCGGCCAT
56,4932504.0,4932527.0,+,14.5408,7.41e-06,1.0,TCACATCGACGGGCCGGTGCTGAC
57,5772023.0,5772046.0,-,14.5408,7.41e-06,1.0,TCACAAAGACACGGCAGAGGCGAT
58,3793418.0,3793441.0,+,14.4592,7.76e-06,1.0,TCACAATCATAAGCATCCTGTGAC
59,3688587.0,3688610.0,-,14.4286,7.86e-06,1.0,CCACAAACAGCCCAGACCGGCCAC
60,5235749.0,5235772.0,+,14.4184,7.89e-06,1.0,CAACATCCGCCTTTACCCCCCGAC
61,2301976.0,2301999.0,-,14.398,7.96e-06,1.0,CAACATCTTCCACACCGCGCCGAC
62,3785220.0,3785243.0,-,14.3776,8.05e-06,1.0,CCCCATTCCCGACCCCTGCCCGAT
63,1216326.0,1216349.0,+,14.3469,8.18e-06,1.0,CCACAATTCAAACGTATAGGCCAC
64,6239526.0,6239549.0,-,14.3469,8.18e-06,1.0,TCACAATTGGAACTTTTTTTCCAC
65,4525057.0,4525080.0,+,14.3265,8.27e-06,1.0,TCACATCACAATGGCAGCGGCCAC
66,2203809.0,2203832.0,-,14.3163,8.31e-06,1.0,TCCCATTCCCGTGCTGATGGCGAT
67,2577933.0,2577956.0,+,14.3061,8.37e-06,1.0,CCCCATATGACCGGCGACCCCGAC
68,5553459.0,5553482.0,-,14.3061,8.37e-06,1.0,TCACATACCCCGCATTGGTCAGAC
69,1181817.0,1181840.0,-,14.2653,8.58e-06,1.0,TCACATAGCCGTCGGGAAACTGAC
70,1670941.0,1670964.0,-,14.2653,8.58e-06,1.0,TCACATAGCCGTCGGGAAACTGAC
71,1673581.0,1673604.0,+,14.2653,8.58e-06,1.0,TCACATAGCCGTCGGGAAACTGAC
72,2529617.0,2529640.0,-,14.2653,8.58e-06,1.0,TCACATAGCCGTCGGGAAACTGAC
73,2566516.0,2566539.0,-,14.2653,8.58e-06,1.0,TCACATACTCCGAACGGACCTGAC
74,2736425.0,2736448.0,+,14.2653,8.58e-06,1.0,TCACATAGCCGTCGGGAAACTGAC
75,3887001.0,3887024.0,+,14.2653,8.58e-06,1.0,TCACATAGCCGTCGGGAAACTGAC
76,3027269.0,3027292.0,+,14.2449,8.65e-06,1.0,TCCCATAAGTGCTGCACCTGCGAC
77,4752351.0,4752374.0,-,14.1531,9.04e-06,1.0,CCACATAAACCGGCGCATGACCAC
78,5477236.0,5477259.0,+,14.1531,9.04e-06,1.0,CAACATTCCGGGAACGGCCATGAC
79,1504951.0,1504974.0,-,14.1429,9.1e-06,1.0,TCCCATTGCGGTCGCCTTTTCCAC
80,3314059.0,3314082.0,-,14.1429,9.1e-06,1.0,TCCCATTCGCCGCTTTCTGTCCAC
81,1942530.0,1942553.0,+,14.0918,9.47e-06,1.0,TCACAAAGCACTGGCCGTGCTGAC
82,5358239.0,5358262.0,+,14.0918,9.47e-06,1.0,CCCCATCGCCACGCCGCTGCCGAC
83,2478649.0,2478672.0,+,14.0714,9.6e-06,1.0,CCACAATGCGCCGTTCATAATGAC
84,2515206.0,2515229.0,-,14.0204,9.83e-06,1.0,CCACAAATCAATATCGAATCCGAC
85,3414105.0,3414128.0,-,14.0,9.93e-06,1.0,CCACATCGTTTCCGTGGCCGCCAC
86,4609584.0,4609607.0,-,13.9796,1e-05,1.0,CCACATCTGCCCAGGCCTCTCCAC
87,1741073.0,1741096.0,-,13.9694,1.01e-05,1.0,TCACAATAGCATCCGTCGTCCCAT
88,459662.0,459685.0,+,13.9592,1.01e-05,1.0,CCACATCACGCCGTACTGCCCCAC
89,2069325.0,2069348.0,-,13.9592,1.01e-05,1.0,CCACATCTCAAGACGAAAATCGAC
90,4486307.0,4486330.0,-,13.9592,1.01e-05,1.0,CCACATCATGGAGTGGGGGGCCAC
91,2883759.0,2883782.0,-,13.949000000000002,1.01e-05,1.0,CCACATTGCCCAGGGCCGTGAGAT
92,6143650.0,6143673.0,-,13.9082,1.0300000000000001e-05,1.0,CAACATCATCATGCGCGACCCGAC
93,3590118.0,3590141.0,+,13.8878,1.05e-05,1.0,CAACATCCCCGCCGACAATACGAC
94,3469318.0,3469341.0,+,13.8776,1.05e-05,1.0,TCACATCTATGGCCGCATCACCAC
95,1720710.0,1720733.0,+,13.8265,1.0800000000000002e-05,1.0,TCCCATTTGCTGATCCGGCACGAT
96,3460202.0,3460225.0,-,13.7755,1.11e-05,1.0,TCACATAACCGGGGCGGTCCCCAT
97,701366.0,701389.0,-,13.7551,1.12e-05,1.0,CCCCATTTTTATCCCGAAATCGAC
98,4640426.0,4640449.0,-,13.7245,1.13e-05,1.0,CCACATAATATCCCTGCTCGCCAC
99,805158.0,805181.0,+,13.7041,1.1400000000000001e-05,1.0,CAACATTACCCTGTAGGGGCAGAC
100,1025003.0,1025026.0,+,13.6939,1.15e-05,1.0,CCCCATTGCCCCCTATGAGGCCAC
101,2428202.0,2428225.0,+,13.6939,1.15e-05,1.0,TCACAATGGTCGCTGTGGCCTGAT
102,3436398.0,3436421.0,-,13.6837,1.1599999999999999e-05,1.0,CACCATTTCTCTTGGAGCGGCGAC
103,3847413.0,3847436.0,-,13.6837,1.1599999999999999e-05,1.0,CCACAAACCGGGCGAGAATGCGAT
104,1661836.0,1661859.0,-,13.6633,1.17e-05,1.0,CCACATCGCCCGGTACGGCCTGAC
105,5516953.0,5516976.0,-,13.6633,1.17e-05,1.0,CCACATCGGCCTGACCCCGCAGAC
106,4372731.0,4372754.0,-,13.6531,1.18e-05,1.0,TCACAATCCGGGCGATACCGTGAT
107,4858352.0,4858375.0,+,13.6531,1.18e-05,1.0,CAACATATGAGTACTCACACCGAC
108,5934255.0,5934278.0,-,13.6429,1.1900000000000001e-05,1.0,TCACAACAATGCGGAACGGGCCAC
109,495162.0,495185.0,+,13.6327,1.1900000000000001e-05,1.0,TCCCAATCCACGGTTTCGGGCGAT
110,4309346.0,4309369.0,+,13.6224,1.21e-05,1.0,TCACATCTTTATGCGGACCCCGAT
111,5926354.0,5926377.0,+,13.6224,1.21e-05,1.0,TAACATTGCCGTCTCCTGCGCCAT
112,2881350.0,2881373.0,-,13.6122,1.21e-05,1.0,TCCCAATGGCTGCCGGTCCGTGAC
113,6014615.0,6014638.0,+,13.6122,1.21e-05,1.0,TCCCAATGATCCCGTCACGCCGAT
114,5512089.0,5512112.0,-,13.602,1.23e-05,1.0,TAACATTGGGATAACAGCTCTGAC
115,3181852.0,3181875.0,+,13.5816,1.24e-05,1.0,TCCCATCTTGTCTCCCTGGGCGAC
116,4093765.0,4093788.0,-,13.5612,1.25e-05,1.0,TCCCAAAGGGATGCTGGTGACGAC
117,6290363.0,6290386.0,-,13.5204,1.27e-05,1.0,TCACAATATCGTGGTGGTGTCCAT
118,4042766.0,4042789.0,+,13.5,1.28e-05,1.0,TCACAATTATGAAATCTCAGAGAC
119,6431774.0,6431797.0,-,13.4694,1.3000000000000001e-05,1.0,CCACAAATGCAGCACAAGGCCCAC
120,6419569.0,6419592.0,+,13.4592,1.3000000000000001e-05,1.0,CCACATTGCCAGCATCGGGGAGAT
121,1839496.0,1839519.0,-,13.4082,1.34e-05,1.0,TAACAATTCCCGGAATGACCAGAC
122,5456914.0,5456937.0,-,13.4082,1.34e-05,1.0,CACCAATGACCAGGGAACGGCGAC
123,5353797.0,5353820.0,+,13.3878,1.36e-05,1.0,CCACATATCCCCACAGCAGGAGAC
124,243406.0,243429.0,+,13.3571,1.3800000000000002e-05,1.0,TCCCATTGCCTTTGCCGTGCTGAC
125,515306.0,515329.0,+,13.3571,1.3800000000000002e-05,1.0,TAACAAAAGGAGAATGTATGCGAC
126,4448304.0,4448327.0,-,13.3469,1.39e-05,1.0,CCCCATATCCGCACACTGGACGAC
127,5152560.0,5152583.0,+,13.3163,1.4099999999999999e-05,1.0,TCCCATTTGGTGGCCAGACGTGAC
128,4651010.0,4651033.0,+,13.2959,1.42e-05,1.0,TCCCATTCCGGCGGCATACAAGAC
129,2808055.0,2808078.0,+,13.2857,1.4300000000000002e-05,1.0,CCACATTATCTTACCCCAGGCCAT
130,1549200.0,1549223.0,-,13.2551,1.4400000000000001e-05,1.0,CAACATTGTCCGACTGTTGCTGAC
131,3117294.0,3117317.0,-,13.2551,1.4400000000000001e-05,1.0,CAACATTAACCACCTTTCTCCGAT
132,1428073.0,1428096.0,-,13.2347,1.4599999999999999e-05,1.0,CAACATTTCGTCAAGACATGCGAT
133,3073968.0,3073991.0,+,13.2347,1.4599999999999999e-05,1.0,CAACATTCCGAGATTTCGAACGAT
134,5447058.0,5447081.0,-,13.2143,1.47e-05,1.0,CAACATTCTGGCCGTGGCCGCCAT
135,1630360.0,1630383.0,-,13.1735,1.51e-05,1.0,CCACATCCGGCAGATGGCCCAGAC
136,5398798.0,5398821.0,-,13.1735,1.51e-05,1.0,TAACATTTCCAATGTCCGTTTGAC
137,3376763.0,3376786.0,+,13.1633,1.52e-05,1.0,CAACATAACCGTCTTCAAAACGAC
138,4301383.0,4301406.0,-,13.1531,1.53e-05,1.0,CCACATCCACACGGAGACAGCGAT
139,1234245.0,1234268.0,+,13.1429,1.5399999999999998e-05,1.0,TCCCATTTCAATGGCATTGGCCAC
140,4483610.0,4483633.0,-,13.1327,1.55e-05,1.0,TCACATCCTCTTTCCCACGCTGAC
141,2911736.0,2911759.0,-,13.1224,1.56e-05,1.0,TCCCAATTGAGAGACCTGCCCGAT
142,48620.0,48643.0,+,13.0918,1.59e-05,1.0,TAACATTCCCGTGACCCCGGTCAC
143,1445692.0,1445715.0,-,13.0918,1.59e-05,1.0,TCCCATCTCCTGGAGCTTTCCGAC
144,5985726.0,5985749.0,-,13.0918,1.59e-05,1.0,CCACAATATCCCGGATCTCCCCAT
145,6503697.0,6503720.0,+,13.0918,1.59e-05,1.0,TAACATTCCCGTGACCCCGGTCAC
146,6509088.0,6509111.0,+,13.0918,1.59e-05,1.0,TAACATTCCCGTGACCCCGGTCAC
147,6514478.0,6514501.0,+,13.0918,1.59e-05,1.0,TAACATTCCCGTGACCCCGGTCAC
148,6438508.0,6438531.0,-,13.050999999999998,1.6100000000000002e-05,1.0,TCACATCCGAAGGAGCAGCATGAC
149,3488289.0,3488312.0,-,13.0306,1.62e-05,1.0,TCCCAATCTTTCATATTTATCGAC
150,1836164.0,1836187.0,+,13.0204,1.63e-05,1.0,CAACATTTTATCCCGAAACACCAC
151,2571686.0,2571709.0,+,13.0102,1.63e-05,1.0,CCACATTGTATCCCGGCGTCAGAT
152,3006356.0,3006379.0,-,13.0102,1.63e-05,1.0,CCACATTTTCCGTGCCCACCTGAT
153,5364801.0,5364824.0,+,12.9898,1.65e-05,1.0,CAACAAAATGCTGCATGATCCGAC
154,3218216.0,3218239.0,-,12.9796,1.66e-05,1.0,TCACATCCTCTATGTTGTTGCCAC
155,2777215.0,2777238.0,-,12.9592,1.6800000000000002e-05,1.0,CCACAACGGAAAGGACGCGCCGAT
156,3208913.0,3208936.0,-,12.9082,1.73e-05,1.0,CCCCATTGCATAAACCGCCCCGAT
157,4010719.0,4010742.0,-,12.898,1.74e-05,1.0,CCCCAACAACCCGACCGGCGCGAC
158,3343110.0,3343133.0,-,12.8571,1.77e-05,1.0,CCCCATACCAAATTCAGGGCCGAC
159,1526490.0,1526513.0,+,12.8367,1.7800000000000002e-05,1.0,TCCCAACGGAACGGCTGTCACGAC
160,202303.0,202326.0,+,12.8265,1.7899999999999998e-05,1.0,CCACAACTGCGGCGACTGTTCCAC
161,1000148.0,1000171.0,+,12.8163,1.8e-05,1.0,TCCCAACGGTGCGGGAAAGACGAC
162,5284427.0,5284450.0,-,12.7959,1.8100000000000003e-05,1.0,TCACATTCCGCAGCCGGCCCGGAC
163,524271.0,524294.0,+,12.7857,1.82e-05,1.0,CCACAACGGCATGGCCAATGCCAC
164,952322.0,952345.0,+,12.7653,1.83e-05,1.0,TAACAATTTTCAACATTCCACCAC
165,5934469.0,5934492.0,+,12.7653,1.83e-05,1.0,CCACAAAGGTCTGGTCCTGGAGAC
166,1933067.0,1933090.0,+,12.7551,1.84e-05,1.0,CCCCATTTTCATGAGTGCGGCCAC
167,3561979.0,3562002.0,+,12.7245,1.87e-05,1.0,CCACAAAAGGACGTCTCCCCTGAC
168,2135189.0,2135212.0,+,12.7041,1.89e-05,1.0,CACCATTGATGTACTCTCCACGAC
169,4014451.0,4014474.0,-,12.7041,1.89e-05,1.0,CCACATCGTACAGCTCGGCCAGAC
170,6251412.0,6251435.0,+,12.7041,1.89e-05,1.0,CCACATCTCGCCCAGATCCCAGAC
171,1190485.0,1190508.0,+,12.6939,1.9e-05,1.0,TCACATTCGTCAGTTCCAAATCAC
172,1860464.0,1860487.0,-,12.6939,1.9e-05,1.0,TCCCATTCCGTGATTTCTATCCAC
173,4991686.0,4991709.0,+,12.6939,1.9e-05,1.0,TCACATTCGTCAGTTCCAAATCAC
174,1269794.0,1269817.0,+,12.6837,1.92e-05,1.0,CCACATCGGACGCGGCGTAAAGAC
175,4465144.0,4465167.0,+,12.6837,1.92e-05,1.0,CCCCATCAGCTGGGCGTGTTCGAC
176,4584170.0,4584193.0,-,12.6837,1.92e-05,1.0,CCCCATCGGCATCCTTCGCTCGAC
177,631548.0,631571.0,+,12.6429,1.9600000000000002e-05,1.0,TAACATTCAGACGGCTTGGTCCAT
178,5735099.0,5735122.0,+,12.6224,1.98e-05,1.0,CACCATTGGGAGGCGCACGGCCAC
179,1096618.0,1096641.0,-,12.5816,2.01e-05,1.0,CCCCAATGCGGTCGTGGTTTCCAC
180,2618915.0,2618938.0,-,12.5816,2.01e-05,1.0,TCACAAAACAGAGAACAGCCTGAC
181,1694618.0,1694641.0,+,12.5714,2.02e-05,1.0,CCACATCCTTCATGGCCTTTCCAC
182,5150945.0,5150968.0,+,12.5612,2.0300000000000002e-05,1.0,CCACAATATCCCGCACCGGATCAC
183,6013589.0,6013612.0,-,12.5408,2.0399999999999998e-05,1.0,CCACATTGGTCACTCTGTCCAGAT
184,4234069.0,4234092.0,-,12.5306,2.05e-05,1.0,CAACAATTTCCAGAACAAGCCGAT
185,6482509.0,6482532.0,-,12.5306,2.05e-05,1.0,CCACAACCCGAGTTGTCCCACGAT
186,5996213.0,5996236.0,-,12.5204,2.0600000000000003e-05,1.0,CCACATTATCAGTTCGGCGGAGAT
187,6002629.0,6002652.0,+,12.5204,2.0600000000000003e-05,1.0,TCCCATCCGACACAATAGACCGAC
188,4133104.0,4133127.0,+,12.5102,2.07e-05,1.0,CCACATATATTTTGGCATCCCGAT
189,2384115.0,2384138.0,-,12.4796,2.1e-05,1.0,CCCCATTGGCCTGATGTTCACGAT
190,2816261.0,2816284.0,-,12.4796,2.1e-05,1.0,TCCCAATATTCTGGGTTCGACCAC
191,3763321.0,3763344.0,-,12.4592,2.12e-05,1.0,CCCCATTGACTCCGGCGTTGTGAC
192,6167095.0,6167118.0,+,12.4592,2.12e-05,1.0,TCACAATAGAAACACGGCTCACAC
193,1023226.0,1023249.0,+,12.449000000000002,2.14e-05,1.0,CCACATATTTCAAAACCGGACGAT
194,1451364.0,1451387.0,+,12.4286,2.1600000000000003e-05,1.0,TAACAATAGAGAGATTCGGATGAC
195,676739.0,676762.0,-,12.4184,2.17e-05,1.0,TCCCATTTGATGATTCTGTCCGAT
196,4773226.0,4773249.0,-,12.4184,2.17e-05,1.0,CAACATCCTGGGCGGGGACACCAC
197,5396295.0,5396318.0,+,12.4184,2.17e-05,1.0,CCCCATTTCACCGCAGACGGAGAC
198,5613978.0,5614001.0,+,12.4184,2.17e-05,1.0,CAACATCGACCTGGAGGCGGCCAC
199,3156986.0,3157009.0,-,12.398,2.1899999999999997e-05,1.0,TCCCATTTTCCGGTATTCGGTGAC
200,5901111.0,5901134.0,-,12.3776,2.2e-05,1.0,TCCCATTCTTTCAGAGGTCCAGAC
201,6434112.0,6434135.0,+,12.3776,2.2e-05,1.0,TCCCATTTTCACGTCCGGATTGAC
202,4195190.0,4195213.0,+,12.3571,2.22e-05,1.0,CCACATGCGGCCGGCCTGCCCGAC
203,1289310.0,1289333.0,+,12.3469,2.23e-05,1.0,CCACATTGAATGGTTTGAGTCCAT
204,2861486.0,2861509.0,-,12.3367,2.24e-05,1.0,TAACATCAGGATGGTGGCCACCAC
205,958343.0,958366.0,+,12.3265,2.25e-05,1.0,TCACATACGGATCAAAATGAAGAC
206,1119999.0,1120022.0,+,12.3265,2.25e-05,1.0,TAACATTTGCACGCCGGACGAGAT
207,3555425.0,3555448.0,-,12.3163,2.26e-05,1.0,TCCCATTGAAATCAGCGCACTGAC
208,2315096.0,2315119.0,+,12.3061,2.26e-05,1.0,CCACATTGTAAAGCCGCTCTACAC
209,2477306.0,2477329.0,-,12.2857,2.2800000000000002e-05,1.0,CCACATTCAGACGGTCAAGTTCAC
210,2792151.0,2792174.0,+,12.2857,2.2800000000000002e-05,1.0,CCACATTGAAGAAAATCTGGCCAT
211,4216256.0,4216279.0,+,12.2857,2.2800000000000002e-05,1.0,CAACAACATTCCGATATGGGCGAC
212,4224674.0,4224697.0,+,12.2857,2.2800000000000002e-05,1.0,CAACAACATTCCGATATGGGCGAC
213,2320941.0,2320964.0,+,12.2653,2.3e-05,1.0,TCACATTCCCATTATTTTCGTCAC
214,5329918.0,5329941.0,+,12.2551,2.3199999999999998e-05,1.0,CAACATTGATGTAACGGATGTGAC
215,2678986.0,2679009.0,+,12.2245,2.35e-05,1.0,TCACAATATATCTCCACGCCAGAT
216,1138490.0,1138513.0,+,12.2143,2.37e-05,1.0,TAACAATATAAAAAGGATGACCAC
217,5990401.0,5990424.0,-,12.2143,2.37e-05,1.0,CCACAAAGGGGCGGCCATCGCCAT
218,3797767.0,3797790.0,+,12.1939,2.3899999999999998e-05,1.0,CCCCATCCCGATACCGTTCTCGAC
219,5033535.0,5033558.0,+,12.1939,2.3899999999999998e-05,1.0,TCACAAATATGGTATCAATCCGAT
220,5986677.0,5986700.0,-,12.1939,2.3899999999999998e-05,1.0,CCACATCCCGCACCCTGCCGCCAT
221,433039.0,433062.0,-,12.1735,2.4100000000000003e-05,1.0,CCACATCCGGGGCCGGCGGGACAC
222,1184965.0,1184988.0,-,12.1633,2.42e-05,1.0,TCCCAATGAATGGTCATACCCGAT
223,5090953.0,5090976.0,+,12.1633,2.42e-05,1.0,CAACAAAGACGCGGATGCCCCGAT
224,3999247.0,3999270.0,-,12.1531,2.44e-05,1.0,TAACATTGCCCGCATTTCCCACAC
225,4427214.0,4427237.0,+,12.102,2.48e-05,1.0,TCCCAATGAAGACCCGGAACTGAC
226,152236.0,152259.0,+,12.0816,2.5e-05,1.0,TCACAAGGCCCTGCTGCCGGCGAC
227,4314698.0,4314721.0,+,12.0612,2.52e-05,1.0,CAACAATCATATCCATCGCCAGAC
228,3296943.0,3296966.0,+,12.050999999999998,2.5300000000000002e-05,1.0,TCCCATCTGTCCGGACGCGCCCAC
229,3391908.0,3391931.0,+,12.050999999999998,2.5300000000000002e-05,1.0,TCACAATTTTCGTACATGCCTCAC
230,6035859.0,6035882.0,+,12.050999999999998,2.5300000000000002e-05,1.0,CCACATTGTAGTTATCCGCCAGAT
231,5629177.0,5629200.0,-,12.050999999999998,2.5300000000000002e-05,1.0,TACCATTGCCCAGGATGAAGCCAC
232,5660894.0,5660917.0,-,12.0306,2.56e-05,1.0,TCACATTCCCTTCTTTTTGTTGAT
233,72924.0,72947.0,+,12.0102,2.58e-05,1.0,CCCCATTTGCTTTGATCAGCCGAT
234,3151155.0,3151178.0,+,12.0102,2.58e-05,1.0,CCACATTCGGCACATAATCCAGAT
235,2939393.0,2939416.0,-,12.0,2.59e-05,1.0,CAACAATGCCGCCACCAGAGCCAT
236,1162286.0,1162309.0,-,11.9694,2.62e-05,1.0,TCACATTATGGCAGATTTTCAGAT
237,2407051.0,2407074.0,-,11.9694,2.62e-05,1.0,TCCCATACTCCGGGGCGGACAGAC
238,4199653.0,4199676.0,-,11.9694,2.62e-05,1.0,CAACATCCTCGCCATCTGGGCCAC
239,750522.0,750545.0,+,11.949000000000002,2.65e-05,1.0,CAACATCGGCACCCAGTCCTCCAC
240,6482903.0,6482926.0,+,11.949000000000002,2.65e-05,1.0,CCCCATTCAAGTGCGCTACCAGAC
241,2431865.0,2431888.0,-,11.949000000000002,2.65e-05,1.0,TCACATTATCAATACCGTTCTGAT
242,4375987.0,4376010.0,-,11.9388,2.6600000000000003e-05,1.0,CCCCATAAAGGGGCTTTTTACGAC
243,5632759.0,5632782.0,-,11.9286,2.6700000000000002e-05,1.0,CCCCATTGCCCGTGAGAAGAAGAC
244,2077478.0,2077501.0,-,11.898,2.7000000000000002e-05,1.0,TCCCATATATTGTTCTTTGACGAC
245,151096.0,151119.0,+,11.8776,2.72e-05,1.0,TCACATTCTGGCGACCGACGCGGC
246,2212042.0,2212065.0,-,11.8776,2.72e-05,1.0,TCACTTTACCGGCTCCACCGCGAC
247,3706430.0,3706453.0,-,11.8776,2.72e-05,1.0,CCCCATATCCACGGCCTCGCCCAC
248,197043.0,197066.0,+,11.8673,2.7300000000000003e-05,1.0,TCCCATTATGATGGATACCGTGAC
249,2478779.0,2478802.0,-,11.8571,2.7399999999999995e-05,1.0,CCACAATGCGGATGCTGTTCTGAT
250,6369387.0,6369410.0,-,11.8571,2.7399999999999995e-05,1.0,CCACATTTTCCGCAATTTCCACAC
251,3716457.0,3716480.0,+,11.8367,2.7699999999999996e-05,1.0,TCACAAACCGCAGCCGCCTCTGAT
252,4352537.0,4352560.0,+,11.8367,2.7699999999999996e-05,1.0,CCACAATGCCGTTGAGGATCAGAT
253,3417766.0,3417789.0,+,11.8265,2.78e-05,1.0,TCCCATTGAAGCGTCAGCCCCCAT
254,2594424.0,2594447.0,-,11.8265,2.78e-05,1.0,TCCCATTGCCGGGTCGAGCCACAC
255,3048704.0,3048727.0,+,11.8163,2.7899999999999997e-05,1.0,CCACAATGGCGATTGGACAGTGAT
256,1116792.0,1116815.0,-,11.7857,2.8300000000000003e-05,1.0,CAACATTATGATCTATGAGGTGAC
257,3967104.0,3967127.0,-,11.7857,2.8300000000000003e-05,1.0,CCACATCTCCGCCGTATTTCTGAC
258,6484012.0,6484035.0,-,11.7755,2.84e-05,1.0,TCCCATATCGAATCCGCCCACCAC
259,5492310.0,5492333.0,-,11.7551,2.8600000000000004e-05,1.0,TCCCATCACCGTGGGCGAGGCGAT
260,6097895.0,6097918.0,-,11.7551,2.8600000000000004e-05,1.0,TCACAATAAGTAGCGGTTTCAGAT
261,769339.0,769362.0,-,11.7449,2.8800000000000002e-05,1.0,CCACATCATCAGCGTCAGTCAGAC
262,942002.0,942025.0,-,11.7347,2.8899999999999998e-05,1.0,TCACAATTTCCACAACATCCTGAT
263,6463195.0,6463218.0,-,11.7143,2.9100000000000003e-05,1.0,CCACACTCTGCTGACCGCGCCGAC
264,197823.0,197846.0,+,11.7041,2.9199999999999998e-05,1.0,CCACATCCAGTACCGCAAAGAGAC
265,5285070.0,5285093.0,+,11.7041,2.9199999999999998e-05,1.0,CCACATCACCCGAAACCTGATGAC
266,1177098.0,1177121.0,+,11.6837,2.95e-05,1.0,TCACAAAAGAAATTTCCTCCAGAC
267,5517237.0,5517260.0,+,11.6633,2.97e-05,1.0,CACCATTCCCAGGGAATCCCCCAC
268,320652.0,320675.0,-,11.6633,2.97e-05,1.0,CACCATTGACAAAGACAATACGAC
269,1048224.0,1048247.0,-,11.6633,2.97e-05,1.0,TCACATCCTGAAATACTGTCAGAC
270,2190163.0,2190186.0,+,11.6531,2.98e-05,1.0,CAACAAAACCGCAACCGCAGCGAT
271,2086478.0,2086501.0,+,11.6429,2.9999999999999997e-05,1.0,CCACAATATCCTTACGGTCCACAC
272,5151014.0,5151037.0,+,11.6429,2.9999999999999997e-05,1.0,TCACAAAGACCGCCTGGGTCACAC
273,5653111.0,5653134.0,+,11.6429,2.9999999999999997e-05,1.0,CCACAATGCGGTATTCCAGTTCAC
274,185518.0,185541.0,-,11.6122,3.0299999999999998e-05,1.0,CACCATCCCCGATGCCGGTGCGAC
275,908639.0,908662.0,+,11.602,3.04e-05,1.0,TCACATCCCGGCAGAGATCACCAT
276,2533959.0,2533982.0,+,11.602,3.04e-05,1.0,TACCAATTCCCGCGTCGGAACGAT
277,2561427.0,2561450.0,+,11.602,3.04e-05,1.0,TCACAAACAGAACGCCGGAACCAT
278,3271314.0,3271337.0,-,11.602,3.04e-05,1.0,CTACATTGTCCCGCCGCCTGCGAC
279,3539841.0,3539864.0,-,11.602,3.04e-05,1.0,TCACAAAACAGGCGAGAACCCCAT
280,252921.0,252944.0,-,11.5918,3.06e-05,1.0,TAACATACATAATACTGAGGCCAC
281,718310.0,718333.0,+,11.5816,3.07e-05,1.0,CCACATTGTCCTGTTCAATCTGAT
282,2240383.0,2240406.0,+,11.5816,3.07e-05,1.0,CCACATTATATTCGTTGCCCAGAT
283,36638.0,36661.0,-,11.5816,3.07e-05,1.0,TCACATAACTCTGCCGGTCCAGAT
284,6270065.0,6270088.0,+,11.5714,3.0799999999999996e-05,1.0,CCACAACGGCACGTTGTTCCTGAC
285,3655156.0,3655179.0,-,11.5612,3.09e-05,1.0,TCCCATCATGGGACCGCCTGCCAC
286,3726098.0,3726121.0,+,11.5408,3.12e-05,1.0,TCCCAAAGAGCCAAAAAAAACGAC
287,4250750.0,4250773.0,+,11.5306,3.13e-05,1.0,TCCCATTGCCAGGCCCAGGGAGAT
288,2212633.0,2212656.0,-,11.5204,3.14e-05,1.0,CAACAAATCCCACGTTCTGGCCAC
289,3396750.0,3396773.0,-,11.5204,3.14e-05,1.0,CCCCATTGCCTTTAATATGGCGAT
290,4827895.0,4827918.0,+,11.5102,3.15e-05,1.0,GCACATTCCCCTCCCGTTTTCGAC
291,3845968.0,3845991.0,-,11.5102,3.15e-05,1.0,TACCATCACCATGCCCATGCCGAC
292,2640911.0,2640934.0,-,11.5,3.16e-05,1.0,TCACAATACATATGCCGAAAACAC
293,3940276.0,3940299.0,-,11.5,3.16e-05,1.0,CCACATTGAGACGGTAAAACAGAT
294,4064074.0,4064097.0,-,11.5,3.16e-05,1.0,CCCCATTGACGGCGTTATTCTGAC
295,823761.0,823784.0,+,11.4898,3.18e-05,1.0,TAACAATCTGCCGAACCTTTCCAT
296,290753.0,290776.0,-,11.4796,3.19e-05,1.0,CAACATCCTGATCATCGGCCCCAC
297,5630184.0,5630207.0,-,11.4796,3.19e-05,1.0,CAACATCACCTCGGTGGTGACCAC
298,6085884.0,6085907.0,-,11.4694,3.21e-05,1.0,CACCAATATGCGGCGGGAGGCCAC
299,1669805.0,1669828.0,+,11.4592,3.21e-05,1.0,CCCCATTGCCCCTGCCATCCCCAT
300,3228181.0,3228204.0,+,11.4592,3.21e-05,1.0,CCCCATTACCCCGTCCTCCCCCAT
301,4081536.0,4081559.0,+,11.449000000000002,3.229999999999999e-05,1.0,TCACAACATCGGATGACATGAGAC
302,3130671.0,3130694.0,-,11.449000000000002,3.229999999999999e-05,1.0,TAACAATTATCAGAAAAAAACGAT
303,2287731.0,2287754.0,-,11.4388,3.24e-05,1.0,CAACATCGGCGAAATCACCGCCAC
304,2708884.0,2708907.0,+,11.4286,3.2500000000000004e-05,1.0,GCACATTACGGCGACTACGACGAC
305,4284690.0,4284713.0,-,11.4286,3.2500000000000004e-05,1.0,TACCAATTCTGGCTCATCGCCCAC
306,1725790.0,1725813.0,+,11.4082,3.27e-05,1.0,TAACAATGCCGACAAAAGCACCAT
307,3734104.0,3734127.0,+,11.4082,3.27e-05,1.0,CCCCATACCCGATGCGGTTCCCAC
308,2192549.0,2192572.0,-,11.4082,3.27e-05,1.0,TCACATTGCCGGATGTCCGACGCC
309,4173565.0,4173588.0,-,11.4082,3.27e-05,1.0,CCCCATATTCCGCACCGTGGCCAC
310,1049906.0,1049929.0,-,11.398,3.289999999999999e-05,1.0,TCACATTTCCCGCACAGGGAACAT
311,3954925.0,3954948.0,+,11.3878,3.3e-05,1.0,CCCCATATTCCGGGCCGGAACCAC
312,1444693.0,1444716.0,-,11.3878,3.3e-05,1.0,CCACAATGAGTTTGGGGTTCAGAT
313,6147365.0,6147388.0,-,11.3878,3.3e-05,1.0,TCACATAGAAAATTTACCTATGAC
314,1035395.0,1035418.0,+,11.3776,3.3100000000000005e-05,1.0,TAACAACTGGACCGCACATGCGAT
315,616170.0,616193.0,+,11.3673,3.3299999999999996e-05,1.0,TCACATAGACTTCGCCGTAGTCAC
316,923620.0,923643.0,-,11.3571,3.34e-05,1.0,TCCCATTGAAGACGGCGTTGCCAT
317,2214419.0,2214442.0,+,11.3469,3.3600000000000004e-05,1.0,CCACAATCGCCACATACTTGAGAT
318,2608654.0,2608677.0,+,11.3469,3.3600000000000004e-05,1.0,TCACAAAGGGGGAGACCTCCTGAT
319,4703070.0,4703093.0,+,11.3469,3.3600000000000004e-05,1.0,CCACAATATCAGCTGCTGACTGAT
320,930219.0,930242.0,-,11.3469,3.3600000000000004e-05,1.0,TACCATTTGCCCAGATTGTCCGAT
321,1531611.0,1531634.0,-,11.3469,3.3600000000000004e-05,1.0,TCACAAAGAGGGCCGGATGCTGAT
322,6085402.0,6085425.0,-,11.3469,3.3600000000000004e-05,1.0,TCACATCATCTCCCGCCCGGTGAT
323,3413351.0,3413374.0,-,11.3265,3.39e-05,1.0,TCCCAACGGCGCGGGCAAGACCAC
324,2554275.0,2554298.0,-,11.3163,3.4e-05,1.0,CACCATAAGAACGGTAGCGCCGAC
325,4787553.0,4787576.0,-,11.3061,3.41e-05,1.0,TCCCATCTCGTGGTGGGCCACGAT
326,3911459.0,3911482.0,-,11.2959,3.43e-05,1.0,CCACAAAATTACGATAATGCCGAT
327,3540999.0,3541022.0,-,11.2755,3.46e-05,1.0,CAACATTTAAACGGCTTAAATGAC
328,3498353.0,3498376.0,-,11.2653,3.47e-05,1.0,TCCCATCGGCCCGCCGCTGATGAC
329,2452929.0,2452952.0,-,11.2551,3.4899999999999995e-05,1.0,CCACATCTCCCTTGCCGAGGCCAT
330,489565.0,489588.0,+,11.2347,3.5100000000000006e-05,1.0,TCACAAAATTCCGTTTCAATTGAC
331,2425460.0,2425483.0,+,11.2347,3.5100000000000006e-05,1.0,CCACATCCAGCTCAAAATCCTGAC
332,4892988.0,4893011.0,+,11.2347,3.5100000000000006e-05,1.0,CCACAAAGAGGTGGCGCGGCACAC
333,3651603.0,3651626.0,-,11.2347,3.5100000000000006e-05,1.0,CCACAAATCGGGCCGGGAGGTCAC
334,4217363.0,4217386.0,-,11.2347,3.5100000000000006e-05,1.0,CAACATTGACAAAGCAATAATGAC
335,4225780.0,4225803.0,-,11.2347,3.5100000000000006e-05,1.0,CAACATTGACAAAGCAATAATGAC
336,4238627.0,4238650.0,-,11.2347,3.5100000000000006e-05,1.0,CAACATTGACAAAGCAATAATGAC
337,4388843.0,4388866.0,+,11.2245,3.52e-05,1.0,TCACAATCGCACTGCCGGTCACAT
338,410064.0,410087.0,+,11.2143,3.53e-05,1.0,CACCAATCCGCCGTTGACCCCGAT
339,3025104.0,3025127.0,+,11.2143,3.53e-05,1.0,TAACATTACCTTCAGATTTCCCAT
340,4713405.0,4713428.0,+,11.2143,3.53e-05,1.0,CACCATTTTGATACCGGCGGCCAC
341,300225.0,300248.0,-,11.2041,3.54e-05,1.0,CAACAAACATCGCTCCGGGCAGAC
342,5581111.0,5581134.0,-,11.2041,3.54e-05,1.0,CAACAAATCTGACGGGGGCGTGAC
343,5589258.0,5589281.0,-,11.2041,3.54e-05,1.0,TCACAATCCCCACTGCCGGATCAT
344,5652011.0,5652034.0,+,11.1837,3.570000000000001e-05,1.0,CAACATCGGCCTGACCCGTCAGAC
345,3346567.0,3346590.0,-,11.1837,3.570000000000001e-05,1.0,CAACAAAACCGCAGGTACACCGAT
346,1940331.0,1940354.0,-,11.1735,3.59e-05,1.0,TCACATCATAATCATAATACCGAT
347,5593604.0,5593627.0,+,11.1633,3.6e-05,1.0,CAACATCCTCAACCCGGCCCTGAC
348,5897681.0,5897704.0,+,11.1633,3.6e-05,1.0,TCCCAATTAACGAATCCCGATGAC
349,6334218.0,6334241.0,+,11.1429,3.63e-05,1.0,CAACATCCGGGAACACGGCCTGAC
350,2303126.0,2303149.0,+,11.1327,3.65e-05,1.0,CCACATTCTCCCTTATTTTCTGAT
351,3443178.0,3443201.0,-,11.1327,3.65e-05,1.0,CCACAATGAAGATCCCTATGTCAC
352,3513590.0,3513613.0,-,11.1327,3.65e-05,1.0,CCGCATTCCGCCCCTGTAGCCGAC
353,6144076.0,6144099.0,-,11.1327,3.65e-05,1.0,TCACATCGGACATGCCAAGTCCAT
354,6330288.0,6330311.0,+,11.1122,3.68e-05,1.0,TCCCAAATGGGGCGTCATCACCAC
355,5730013.0,5730036.0,-,11.1122,3.68e-05,1.0,TACCAATAGGATCGCGATGCCGAT
356,2953398.0,2953421.0,+,11.102,3.7e-05,1.0,CACCATCATGCCCAGGGCGACGAC
357,3149037.0,3149060.0,+,11.102,3.7e-05,1.0,CAACAATTTCAATTACGGCATGAC
358,3487883.0,3487906.0,-,11.0918,3.71e-05,1.0,TCCCAATAGTTTTCTTTTGTCCAC
359,1053937.0,1053960.0,+,11.0816,3.72e-05,1.0,CACCATCGCAGGCGAAACCCCGAC
360,1459414.0,1459437.0,-,11.0816,3.72e-05,1.0,CAACAATTTGCCCCTCCCCGTCAC
361,2003387.0,2003410.0,+,11.0714,3.74e-05,1.0,TCCCATCAGGTGATCCGGGACCAC
362,4605282.0,4605305.0,+,11.0714,3.74e-05,1.0,TCCCAACGGATGGCGGCAGGCGAT
363,1650648.0,1650671.0,+,11.0612,3.75e-05,1.0,TCCCATTACGCCGTCCACGGAGAT
364,3450149.0,3450172.0,+,11.0612,3.75e-05,1.0,CCACAACATGATGCTGGAGCTGAC
365,3593019.0,3593042.0,+,11.0612,3.75e-05,1.0,TAACATCACCGCCGTCCGCCCCAT
366,33906.0,33929.0,-,11.050999999999998,3.76e-05,1.0,TCCCATCAGATCGCCCAGCACCAC
367,3791695.0,3791718.0,+,11.0408,3.77e-05,1.0,CCACATTCTCTGTCCCCCCCCGTC
368,49957.0,49980.0,-,11.0408,3.77e-05,1.0,CCCCAACGGCTACCTTGTTACGAC
369,104754.0,104777.0,-,11.0408,3.77e-05,1.0,TAACAATTACTTTTAGAGATTGAC
370,1824840.0,1824863.0,-,11.0408,3.77e-05,1.0,CCACAACACCAGAGATGTGCTGAC
371,6505034.0,6505057.0,-,11.0408,3.77e-05,1.0,CCCCAACGGCTACCTTGTTACGAC
372,6510425.0,6510448.0,-,11.0408,3.77e-05,1.0,CCCCAACGGCTACCTTGTTACGAC
373,6515815.0,6515838.0,-,11.0408,3.77e-05,1.0,CCCCAACGGCTACCTTGTTACGAC
374,2616214.0,2616237.0,-,11.0306,3.79e-05,1.0,CCACATTATCATCAACAACCAGAT
375,1216986.0,1217009.0,+,11.0204,3.8e-05,1.0,CCACAACGCGCTGGCCGACACCAT
376,2527354.0,2527377.0,+,11.0102,3.81e-05,1.0,TCCCATACCCTCGTCGCAACTGAC
377,3309879.0,3309902.0,+,11.0102,3.81e-05,1.0,CCACATTGTCCGGGAGACGGTCAT
378,6454268.0,6454291.0,-,11.0,3.8299999999999996e-05,1.0,TACCATCGGATAAAACGCGGCGAC
379,75020.0,75043.0,-,10.9898,3.84e-05,1.0,TCCCATAAGCAGCAGGGATACGAT
380,5299565.0,5299588.0,-,10.9898,3.84e-05,1.0,CAACAACGCCTCCGGGGTCCAGAC
381,3724443.0,3724466.0,+,10.9796,3.86e-05,1.0,TCACAACCTCGGTATGGTCGCCAT
382,759581.0,759604.0,+,10.9592,3.8900000000000004e-05,1.0,TCACATTATCCGTGCCTGTGCGCC
383,5556398.0,5556421.0,+,10.9592,3.8900000000000004e-05,1.0,CCCCAACGGCGCCATGCGGCCCAC
384,380923.0,380946.0,-,10.9592,3.8900000000000004e-05,1.0,CCACATCGCCGTCGCCGTCGAGAT
385,2208642.0,2208665.0,-,10.9592,3.8900000000000004e-05,1.0,CCACATCCGGCTCCTGCCCCTGAT
386,3653431.0,3653454.0,-,10.9592,3.8900000000000004e-05,1.0,CCCCAACGTCAGCGCCCCCGCCAC
387,4020669.0,4020692.0,+,10.949000000000002,3.9e-05,1.0,TAACAAATTGTCTTGACAGACCAC
388,344333.0,344356.0,-,10.9388,3.9200000000000004e-05,1.0,CACCATTGCCTCGGCCCTTCAGAC
389,1822175.0,1822198.0,+,10.9286,3.929999999999999e-05,1.0,CAACATATGCGATGCGGATCAGAC
390,1878939.0,1878962.0,+,10.9286,3.929999999999999e-05,1.0,TCACATTGCCGAGGATCACTTCAT
391,4363510.0,4363533.0,+,10.9286,3.929999999999999e-05,1.0,CCACATGCTTCGGGCTGAGGCGAC
392,19736.0,19759.0,+,10.9184,3.9500000000000005e-05,1.0,CACCATTTTGCACCGCAAGCCGAT
393,5526705.0,5526728.0,+,10.9184,3.9500000000000005e-05,1.0,TCACAAATCCGGCCTTGTCCAGAT
394,1579843.0,1579866.0,+,10.9082,3.97e-05,1.0,CACCAACTCCGGCAGGCAGGCGAC
395,2737841.0,2737864.0,+,10.9082,3.97e-05,1.0,CAACATAACCAGACGTTCAACGAT
396,372057.0,372080.0,-,10.9082,3.97e-05,1.0,TCACATTGACAGAGCTACCGTCAT
397,6456432.0,6456455.0,-,10.9082,3.97e-05,1.0,TCCCATTTTTTGCACAAAACTGAC
398,58433.0,58456.0,+,10.898,3.9899999999999994e-05,1.0,TACCATTTCTTTCACTGCCTCGAT
399,134524.0,134547.0,+,10.898,3.9899999999999994e-05,1.0,CACCATTGGCACGTCAAAGGCGAT
400,6395726.0,6395749.0,+,10.898,3.9899999999999994e-05,1.0,CCCCAAAACGGGGCCCATGCCGAT
401,4372471.0,4372494.0,-,10.898,3.9899999999999994e-05,1.0,TCACATTCGGCATGGAAACCCGGC
402,4795248.0,4795271.0,-,10.898,3.9899999999999994e-05,1.0,TACCATTTTTTTGTGCCCACCGAT
403,3792762.0,3792785.0,+,10.8776,4.03e-05,1.0,TCACATCCTCCACCGTTGCCAGAT
404,641015.0,641038.0,-,10.8776,4.03e-05,1.0,TCACATACCCGACAATGTTCTCAC
405,2433621.0,2433644.0,+,10.8673,4.04e-05,1.0,CACCATAACAACTGGTCTGCCGAC
406,317517.0,317540.0,-,10.8673,4.04e-05,1.0,TCACATGGGTCTTCCGTATCCGAC
407,418813.0,418836.0,+,10.8571,4.0600000000000004e-05,1.0,TCCCAACGCCACGGGTGACACCAC
408,621514.0,621537.0,+,10.8571,4.0600000000000004e-05,1.0,TCACAAAACCACCACCCGTCAGAT
409,1039033.0,1039056.0,+,10.8571,4.0600000000000004e-05,1.0,TCACATCCGCCCGCTGAATCAGAT
410,6481503.0,6481526.0,+,10.8571,4.0600000000000004e-05,1.0,TACCATTCCGGTTGTGGTGATGAC
411,1422653.0,1422676.0,-,10.8571,4.0600000000000004e-05,1.0,TCACAAAACAGAGCGGTCCGTGAT
412,1886069.0,1886092.0,+,10.8367,4.09e-05,1.0,TCCCAACGGCGCGGGAAAGACCAC
413,556787.0,556810.0,-,10.8367,4.09e-05,1.0,TCCCAACGGCAGCGGCAAGACCAC
414,1751574.0,1751597.0,-,10.8163,4.13e-05,1.0,CCCCAATCCTGTCCGAATTGTGAC
415,3463003.0,3463026.0,-,10.8163,4.13e-05,1.0,TACCATTACGGGCCGGAATTTGAC
416,2627789.0,2627812.0,-,10.8061,4.14e-05,1.0,CAACATTCTTGACATGGATGCCAT
417,5050511.0,5050534.0,+,10.7959,4.16e-05,1.0,TCCCATCCCCTGGGTGGAGCTGAC
418,2222538.0,2222561.0,-,10.7959,4.16e-05,1.0,CCCCAATGAACCATCTCATACGAT
419,2699819.0,2699842.0,-,10.7959,4.16e-05,1.0,CCCCAATGCGGCCCTGCTCTCCAT
420,2581473.0,2581496.0,+,10.7857,4.1700000000000004e-05,1.0,CCACATCCACGGCCTCTTTGCCAT
421,3844855.0,3844878.0,+,10.7857,4.1700000000000004e-05,1.0,TACCAACGGCAAGACCACCACGAC
422,6010142.0,6010165.0,+,10.7857,4.1700000000000004e-05,1.0,CCACAATCCCCCCGGTGTCCGGAC
423,907406.0,907429.0,-,10.7857,4.1700000000000004e-05,1.0,GCACAATGATCTGGGGATGGCGAC
424,1297684.0,1297707.0,-,10.7857,4.1700000000000004e-05,1.0,CCACAAAAATGATGAGATGCAGAC
425,6178728.0,6178751.0,-,10.7857,4.1700000000000004e-05,1.0,CCACATCTGGCTCGGATTCGCCAT
426,980110.0,980133.0,+,10.7755,4.18e-05,1.0,TCCCATCTGCGGCCAGACGGTGAC
427,6592603.0,6592626.0,+,10.7755,4.18e-05,1.0,CCACAGTATTCGCCCGTGTCCGAC
428,1404274.0,1404297.0,+,10.7551,4.210000000000001e-05,1.0,TCACAATATCATCATAAGAGAGAT
429,4735841.0,4735864.0,-,10.7449,4.22e-05,1.0,CACCATTCTGATCGGCATGTCCAC
430,5446559.0,5446582.0,-,10.7449,4.22e-05,1.0,CCACATCAGAGCGTATGCCGCCAT
431,506549.0,506572.0,-,10.7245,4.2499999999999996e-05,1.0,CCCCATCGGCGTTCCCTTGCCCAC
432,2209598.0,2209621.0,+,10.7143,4.270000000000001e-05,1.0,CAACATCCTCTCCGGCATCGTGAC
433,3568467.0,3568490.0,+,10.7143,4.270000000000001e-05,1.0,TCACAATCTCCGGGCCAACATCAT
434,251356.0,251379.0,-,10.7143,4.270000000000001e-05,1.0,TCACAATCTCCGGGCCAACATCAT
435,2136130.0,2136153.0,-,10.7143,4.270000000000001e-05,1.0,TCACAATCTCCGGGCCAACATCAT
436,515699.0,515722.0,-,10.7041,4.29e-05,1.0,CCACAATGGTTTTCAGGATTTCAC
437,2821740.0,2821763.0,+,10.6939,4.3e-05,1.0,CCCCATTGCCGCGGGCCTTCAGAT
438,4640502.0,4640525.0,+,10.6939,4.3e-05,1.0,TCCCAATGTCCAGGTCATGCCCAT
439,3679463.0,3679486.0,-,10.6939,4.3e-05,1.0,CAACATCTCCCCGGTCCAACTGAC
440,5558805.0,5558828.0,+,10.6837,4.33e-05,1.0,TCACATCGGTGAATCCATTGCCAT
441,2707770.0,2707793.0,-,10.6837,4.33e-05,1.0,TCACAATACGCCCGCTGATCGGAC
442,3151208.0,3151231.0,-,10.6837,4.33e-05,1.0,TCACAAAATAATTCCGCCCACCAT
443,3279329.0,3279352.0,-,10.6735,4.34e-05,1.0,CCCCATTGTGCCGCCGCCCATGAT
444,3969731.0,3969754.0,-,10.6735,4.34e-05,1.0,CACCATCCCCTGATCCGTCTCGAC
445,5240043.0,5240066.0,+,10.6633,4.36e-05,1.0,TCACATCAGCCTGGTGGTCAACAC
446,6246662.0,6246685.0,+,10.6633,4.36e-05,1.0,CCACAATATCTATGCCTACAACAC
447,4365063.0,4365086.0,-,10.6633,4.36e-05,1.0,TCACAACATGGGGGCCGTGCTGAT
448,2617317.0,2617340.0,+,10.6531,4.3799999999999994e-05,1.0,CCACAACTGATATTGTTCGTCGAT
449,2924747.0,2924770.0,+,10.6531,4.3799999999999994e-05,1.0,TAACAAATTGCTTCAGCGGAAGAC
450,3506999.0,3507022.0,+,10.6531,4.3799999999999994e-05,1.0,CAACATCAACGGCAACCGCCTGAC
451,6031735.0,6031758.0,+,10.6429,4.4e-05,1.0,CCCCATATAGGGCGTCATGCCGAT
452,309977.0,310000.0,-,10.6429,4.4e-05,1.0,TCACAAAGGAGAGAAGCTGGTCAC
453,861558.0,861581.0,-,10.6429,4.4e-05,1.0,TCACAACCGGCTCAGGCGGAAGAT
454,2586821.0,2586844.0,+,10.6224,4.44e-05,1.0,TCACATCACCTCCAACAACACCAT
455,5357516.0,5357539.0,+,10.6224,4.44e-05,1.0,CCCCATACACAGTCCCGATGCGAT
456,5442294.0,5442317.0,-,10.6224,4.44e-05,1.0,TCACATCATAAGCGGGCGCAACAC
457,6445205.0,6445228.0,-,10.6224,4.44e-05,1.0,TCACATCAGCACCCAGTCCAACAC
458,5652200.0,5652223.0,+,10.5918,4.49e-05,1.0,TCCCATTGAGCAGCTGTGGCAGAT
459,3440334.0,3440357.0,-,10.5816,4.51e-05,1.0,TACCAATACGGAAACCGGAACGAT
460,1117116.0,1117139.0,-,10.5714,4.52e-05,1.0,TAACATCGAAAACGTCAGCCAGAC
461,1502208.0,1502231.0,-,10.5612,4.5299999999999997e-05,1.0,CCACATTTTCCAGCTCCCGGACAT
462,2822132.0,2822155.0,-,10.5612,4.5299999999999997e-05,1.0,TCACATAGACCAGAAGGATGAGAT
463,3114711.0,3114734.0,+,10.550999999999998,4.55e-05,1.0,CCACTTTGCCCCATTCGGTCCGAC
464,3579674.0,3579697.0,+,10.550999999999998,4.55e-05,1.0,TCCCATTGCCCGGAAAGCAGAGAT
465,454342.0,454365.0,-,10.550999999999998,4.55e-05,1.0,TAACATCCAGACGGCCGCCACCAT
466,5360205.0,5360228.0,-,10.550999999999998,4.55e-05,1.0,CCACAACAGCCGCTTGACCGCCAT
467,4662902.0,4662925.0,-,10.5102,4.61e-05,1.0,CAACATTGACGCTCTGATGCAGAT
468,278854.0,278877.0,-,10.5,4.6299999999999994e-05,1.0,CCACATTCCAGAACGGCAGGTCAT
469,3214806.0,3214829.0,-,10.5,4.6299999999999994e-05,1.0,CCCCATTGCCAGGGTCTTCACCAT
470,3520914.0,3520937.0,+,10.4796,4.66e-05,1.0,TCCCATTCCATAATTTTTTCAGAC
471,4174001.0,4174024.0,+,10.4796,4.66e-05,1.0,CCCCAATGCCGGGGCGGTGGAGAT
472,3750449.0,3750472.0,-,10.4796,4.66e-05,1.0,CCCCAATCCGCGCCCCCTGCTGAT
473,4356035.0,4356058.0,-,10.4796,4.66e-05,1.0,TCCCATTCCATAATTTTTTCAGAC
474,618402.0,618425.0,-,10.4592,4.7e-05,1.0,CAACATCCGAAAATACACCGCCAC
475,4020924.0,4020947.0,+,10.449000000000002,4.73e-05,1.0,TCACATTATTTGTCCCTCCGGGAC
476,5043335.0,5043358.0,+,10.449000000000002,4.73e-05,1.0,CAACATTAAGAGAGGCACGGTGAT
477,2572651.0,2572674.0,-,10.449000000000002,4.73e-05,1.0,CCCCAACGGCGGCGGCAAGACCAC
478,5543843.0,5543866.0,-,10.449000000000002,4.73e-05,1.0,CCCCAACCACGAGGCCGACCCCAC
479,1252469.0,1252492.0,+,10.4388,4.7499999999999996e-05,1.0,TCACATTTCGGCAGAAGATGACAT
480,521213.0,521236.0,-,10.4388,4.7499999999999996e-05,1.0,TCCCATTTTCCGTATCTGGACCAT
481,4951489.0,4951512.0,-,10.4388,4.7499999999999996e-05,1.0,TCACATTCTGCCACAACTCATCAT
482,3923812.0,3923835.0,+,10.4286,4.7799999999999996e-05,1.0,TCACAAATTTCTCAGCCCCCTGAT
483,4231748.0,4231771.0,+,10.4286,4.7799999999999996e-05,1.0,CCACAATGGTATTGGTTTCAAGAT
484,2910719.0,2910742.0,+,10.4082,4.83e-05,1.0,TCACAAATTGCCGTCCGGAATGAT
485,6345311.0,6345334.0,+,10.4082,4.83e-05,1.0,TCACGTTATCCAAAGGCGGACGAC
486,5285385.0,5285408.0,+,10.398,4.85e-05,1.0,CACCATAAATGTGATTCCGCCGAC
487,442889.0,442912.0,-,10.398,4.85e-05,1.0,TAACAAAATGAAGTCAACAACCAC
488,1552951.0,1552974.0,+,10.3878,4.8700000000000005e-05,1.0,TCACATTCCCTGATCACACAGGAC
489,209940.0,209963.0,-,10.3878,4.8700000000000005e-05,1.0,TCCCAACGATTCCAAGCCGCCCAC
490,3919055.0,3919078.0,-,10.3878,4.8700000000000005e-05,1.0,CCCCATCTCAAGCAGCCGGGCGAT
491,3834120.0,3834143.0,-,10.3776,4.8899999999999996e-05,1.0,CAACATTCTGTTGCTGATTTCCAT
492,4579361.0,4579384.0,-,10.3776,4.8899999999999996e-05,1.0,TCCCATTGCCAAGGGCTATGTCAC
493,960768.0,960791.0,+,10.3673,4.91e-05,1.0,TTACAATACGCCGCGTTTTCCGAC
494,2549635.0,2549658.0,+,10.3673,4.91e-05,1.0,CCCCATCGGAGAGGCGCGGGAGAC
495,3420317.0,3420340.0,+,10.3673,4.91e-05,1.0,TCCCAACGGTGCGGGCAAAACCAC
496,5115686.0,5115709.0,+,10.3673,4.91e-05,1.0,TCCCATCTGTTTGAGGCGTCCGAT
497,6254456.0,6254479.0,-,10.3673,4.91e-05,1.0,TCACATCAAGGCCTACTGGGTGAT
498,5147882.0,5147905.0,+,10.3571,4.93e-05,1.0,TCCCATTGATCCCGGCACAATCAC
499,5290747.0,5290770.0,-,10.3571,4.93e-05,1.0,TAACATATTCGTGATGCGGGCCAT
500,602812.0,602835.0,+,10.3469,4.95e-05,1.0,TCCCATCTGGTTGATCACGCCGAT
501,3764040.0,3764063.0,-,10.3469,4.95e-05,1.0,TCACAAAGCCCCGGAACAAAAGAT
502,6268658.0,6268681.0,-,10.3469,4.95e-05,1.0,TCCCATCTCCAGCAGCTTTCCGAT
503,641043.0,641066.0,+,10.3367,4.96e-05,1.0,CCACGATCTGAGCGCTGCGCCGAC
504,4580850.0,4580873.0,+,10.3265,4.98e-05,1.0,TTACAATTTCAGCACGGACGCGAC
505,1054491.0,1054514.0,-,10.3163,5e-05,1.0,ACACAATCCGTTCTTCGAGACGAC
506,1054903.0,1054926.0,-,10.3163,5e-05,1.0,ACACAATCCGTTCTTCGAGACGAC
507,6159869.0,6159892.0,+,10.3061,5.01e-05,1.0,TCCCAAAACAAAAGGCCTGCCGAT
508,2224759.0,2224782.0,-,10.3061,5.01e-05,1.0,TCCCATCTGCTGGAGACGGCAGAC
509,4818935.0,4818958.0,-,10.3061,5.01e-05,1.0,CCCCAATCCGTGCCCGATCTCCAT
510,5383804.0,5383827.0,-,10.3061,5.01e-05,1.0,TCCCATAAAAAATACCCGCTCCAC
511,2454351.0,2454374.0,+,10.2959,5.03e-05,1.0,CCACAATGACGCGGACACCGCGCC
512,436355.0,436378.0,-,10.2959,5.03e-05,1.0,TAACATAATCCCGACACAGGCCAT
513,1719613.0,1719636.0,-,10.2959,5.03e-05,1.0,CAACAATATCCACTCCCCCCAGAT
514,6568063.0,6568086.0,-,10.2959,5.03e-05,1.0,CCACATCCCATGCCCATTTGCCAT
515,2616202.0,2616225.0,-,10.2857,5.04e-05,1.0,CAACAACCAGATCGGCTACACCAC
516,1616513.0,1616536.0,+,10.2755,5.0600000000000003e-05,1.0,CAACATTGTGGGACCGAAATTCAC
517,330946.0,330969.0,-,10.2755,5.0600000000000003e-05,1.0,CACCATTTCGGCGATATTCTCCAC
518,1675273.0,1675296.0,-,10.2653,5.08e-05,1.0,TCACAATTCCCGTCCACCATTCAT
519,6004736.0,6004759.0,-,10.2653,5.08e-05,1.0,CCAGATTCTGATCCCCCTGGCGAC
520,2650750.0,2650773.0,+,10.2551,5.1e-05,1.0,TCACAATACACTTCCGCGCTCGCC
521,1534229.0,1534252.0,+,10.2449,5.11e-05,1.0,TCACAATGAATGCCTGCGCATCAT
522,415180.0,415203.0,+,10.2347,5.14e-05,1.0,TCACAATCGCCCATTTTGCCCGAA
523,2454913.0,2454936.0,+,10.2347,5.14e-05,1.0,TCACAATCCGCATACTCGACCGTC
524,4203900.0,4203923.0,+,10.2347,5.14e-05,1.0,TCACAAAGTGAAAAATATTTTGAC
525,6542293.0,6542316.0,+,10.2347,5.14e-05,1.0,TCACAATTCAGCCTGCTGGTGGAC
526,2884899.0,2884922.0,-,10.2347,5.14e-05,1.0,CAACATTAAACCCACAGCCATCAC
527,795696.0,795719.0,+,10.2245,5.16e-05,1.0,TCACAATCTCAGGGCCAACATCAT
528,834376.0,834399.0,+,10.2245,5.16e-05,1.0,TCACAATCTCAGGGCCAACATCAT
529,1535441.0,1535464.0,+,10.2245,5.16e-05,1.0,TCACAATCTCAGGGCCAACATCAT
530,2892357.0,2892380.0,+,10.2245,5.16e-05,1.0,TCACAATCTCAGGGCCAACATCAT
531,2285675.0,2285698.0,-,10.2245,5.16e-05,1.0,TCCCAATTTATCCACATCAATGAC
532,3071762.0,3071785.0,-,10.2245,5.16e-05,1.0,CAACATCTGCAAGCTGGTCCAGAC
533,3519482.0,3519505.0,-,10.2245,5.16e-05,1.0,TCACAATCTCAGGGCCAACATCAT
534,3975353.0,3975376.0,-,10.2245,5.16e-05,1.0,TCACAATCTCAGGGCCAACATCAT
535,4478607.0,4478630.0,-,10.2245,5.16e-05,1.0,TCACAATCTCCGGACCAACATCAT
536,5955748.0,5955771.0,-,10.2245,5.16e-05,1.0,CAACATCCCGCTTCTGGAAGAGAC
537,6600896.0,6600919.0,-,10.2245,5.16e-05,1.0,TCACAATCTCAGGGCCAACATCAT
538,5335999.0,5336022.0,-,10.2143,5.19e-05,1.0,CACCAATGCGGTACGCCGGATGAC
539,6364420.0,6364443.0,-,10.2143,5.19e-05,1.0,CCACAATTCGGAGTTTTATATCAC
540,4539769.0,4539792.0,+,10.1939,5.2300000000000004e-05,1.0,TCACAACGGCCTCTATCCGCTGAT
541,6416688.0,6416711.0,+,10.1939,5.2300000000000004e-05,1.0,CCCCATCCTGCTCAAGCCCACCAC
542,6098722.0,6098745.0,-,10.1939,5.2300000000000004e-05,1.0,TCACAAATTCAACGCCACTCACAC
543,182320.0,182343.0,+,10.1837,5.25e-05,1.0,CACCATCTGCATGACGTTGGCGAC
544,695955.0,695978.0,+,10.1837,5.25e-05,1.0,CAACAATAATTTTTTCATGGTGAC
545,3900009.0,3900032.0,+,10.1837,5.25e-05,1.0,TCCCAATTTACCGACCCCCGACAC
546,49526.0,49549.0,-,10.1837,5.25e-05,1.0,CAACATCTCACGACACGAGCTGAC
547,6504603.0,6504626.0,-,10.1837,5.25e-05,1.0,CAACATCTCACGACACGAGCTGAC
548,6509994.0,6510017.0,-,10.1837,5.25e-05,1.0,CAACATCTCACGACACGAGCTGAC
549,6515384.0,6515407.0,-,10.1837,5.25e-05,1.0,CAACATCTCACGACACGAGCTGAC
550,395499.0,395522.0,-,10.1735,5.28e-05,1.0,TCACATCACCGATCTTCACCACAC
551,6529573.0,6529596.0,+,10.1633,5.3e-05,1.0,CACCATCACCTCTGCCGTAACGAC
552,792399.0,792422.0,+,10.1531,5.3200000000000006e-05,1.0,CCCCATATCGGCGCCAGCTTTGAC
553,2775855.0,2775878.0,+,10.1531,5.3200000000000006e-05,1.0,TCCCAACTGGTCAGCCTTGGCGAT
554,5470170.0,5470193.0,+,10.1429,5.3500000000000006e-05,1.0,CACCAAAAGGGGAAAGGATGCGAC
555,5302107.0,5302130.0,-,10.1327,5.3700000000000004e-05,1.0,TCACATATTTGAACCGGTCAAGAT
556,2873993.0,2874016.0,+,10.1224,5.39e-05,1.0,TAACAAAAATAGGCGGTACAAGAC
557,2502645.0,2502668.0,-,10.1224,5.39e-05,1.0,TAACAAAAATAGGCGGTACAAGAC
558,3522662.0,3522685.0,-,10.1224,5.39e-05,1.0,TAACAAAAATAGGCGGTACAAGAC
559,5377588.0,5377611.0,-,10.1224,5.39e-05,1.0,GCACATACAGCCTGCCTCCCCGAC
560,6117460.0,6117483.0,-,10.1224,5.39e-05,1.0,TCATATTCAACGGGGAATCACGAC
561,272203.0,272226.0,+,10.1122,5.4000000000000005e-05,1.0,TCCCAAAGAGCCAAAATCTCCCAC
562,1427086.0,1427109.0,+,10.1122,5.4000000000000005e-05,1.0,TCCCAACGTGGTCAGGGCGCTGAC
563,6424434.0,6424457.0,-,10.1122,5.4000000000000005e-05,1.0,TCCCAACTCCCGCATACAGCCGAT
564,2231017.0,2231040.0,+,10.102,5.42e-05,1.0,TAACAAAGGAAAAGGCGATATGAC
565,877473.0,877496.0,-,10.102,5.42e-05,1.0,TCATATTCAACGGAAAACGGCGAC
566,609901.0,609924.0,-,10.0918,5.44e-05,1.0,TCCCAACAACCCCACCGGTACGAT
567,904677.0,904700.0,-,10.0816,5.45e-05,1.0,CCACGTTCCCACCTGTTCCTCGAC
568,3029486.0,3029509.0,-,10.051,5.5100000000000004e-05,1.0,TTACATTGCATCCATGCATACGAC
569,1620676.0,1620699.0,+,10.0408,5.5299999999999996e-05,1.0,TCACATGCGCCGTCTCCGGGCGAT
570,3628099.0,3628122.0,+,10.0408,5.5299999999999996e-05,1.0,CCACATTCCGCCCATTACAGCGGC
571,5380210.0,5380233.0,+,10.0408,5.5299999999999996e-05,1.0,CCACATTTCCCCGCAGATAGCGCC
572,5607548.0,5607571.0,+,10.0408,5.5299999999999996e-05,1.0,TAACAATCTGTTACAAACTTCCAT
573,1357525.0,1357548.0,+,10.0306,5.539999999999999e-05,1.0,TCTCATTCCGACCCTCCGCGCCAC
574,2724059.0,2724082.0,+,10.0306,5.539999999999999e-05,1.0,CCCCATTTTCATGCCCATCGCCAT
575,4202006.0,4202029.0,-,10.0306,5.539999999999999e-05,1.0,TCCCATATGACGGAATACCCAGAC
576,5321848.0,5321871.0,-,10.0306,5.539999999999999e-05,1.0,CAACAACGACGTCGGTCCTCTGAC
577,2127442.0,2127465.0,+,10.0204,5.5700000000000005e-05,1.0,TCACATTTGCCTTTTGTCACCGCC
578,5099501.0,5099524.0,-,10.0204,5.5700000000000005e-05,1.0,TACCATCCCCGGCATGACCCCCAC
579,6164273.0,6164296.0,+,10.0102,5.59e-05,1.0,CAACAACATGGTGGCCCCCATGAC
580,5789838.0,5789861.0,-,10.0102,5.59e-05,1.0,CAACAACACCCTGATCGGGGTGAC
581,2509394.0,2509417.0,+,10.0,5.6200000000000004e-05,1.0,CACCATTTTTCCCGCATTGACGAT
582,3839513.0,3839536.0,-,10.0,5.6200000000000004e-05,1.0,CCACATAGGGCTTCATCAGAACAC
583,4277279.0,4277302.0,-,9.9898,5.6399999999999995e-05,1.0,CCCCAATGCCCCCATGCGGGAGAT
584,152869.0,152892.0,+,9.97959,5.67e-05,1.0,TCACAACGTGCCGGATGTGATCAC
585,4630236.0,4630259.0,+,9.97959,5.67e-05,1.0,CCACATTGAGGTGACCAACCCGAA
586,2238113.0,2238136.0,+,9.969389999999999,5.6899999999999994e-05,1.0,TCAGAATCGGCGGTCATATCCGAC
587,2320947.0,2320970.0,+,9.969389999999999,5.6899999999999994e-05,1.0,TCCCATTATTTTCGTCACTGCCAT
588,3662416.0,3662439.0,-,9.969389999999999,5.6899999999999994e-05,1.0,TCACATTCACAGTGTAAGGTTCAT
589,3881182.0,3881205.0,-,9.969389999999999,5.6899999999999994e-05,1.0,TCACATTATCGGCAAACTTGTCAT
590,5981673.0,5981696.0,+,9.95918,5.73e-05,1.0,CACCATTATCTCCGTCACGGAGAC
591,6260060.0,6260083.0,+,9.95918,5.73e-05,1.0,TCACATTCTTATGTCCGATCGGAC
592,5180064.0,5180087.0,+,9.94898,5.7499999999999995e-05,1.0,TCAAAATCGGCGATCACATCCGAC
593,3609549.0,3609572.0,-,9.94898,5.7499999999999995e-05,1.0,TCCCATTGAATGGTATCTGTCCAT
594,956959.0,956982.0,-,9.93878,5.7799999999999995e-05,1.0,CACCATTGGCTGGATCAGAGAGAC
595,6322245.0,6322268.0,-,9.93878,5.7799999999999995e-05,1.0,CCCCATCTCGTGGGTGACCACGAT
596,5134870.0,5134893.0,+,9.92857,5.7999999999999994e-05,1.0,TCCCAATGGCGCTTTCCAGCAGAT
597,119874.0,119897.0,+,9.91837,5.8399999999999997e-05,1.0,TCCCATCTTTTTTCCCGTGGCGAT
598,4335808.0,4335831.0,+,9.90816,5.8599999999999995e-05,1.0,TCAAAATGGAAAGAGAGGCCCGAC
599,6056593.0,6056616.0,+,9.897960000000001,5.8899999999999995e-05,1.0,CACCATTGCCCAGGCCGGCACCAT
600,627240.0,627263.0,-,9.897960000000001,5.8899999999999995e-05,1.0,CCCCATCTGCCCCGCACCGATGAC
601,1099147.0,1099170.0,-,9.897960000000001,5.8899999999999995e-05,1.0,TCACATCCGTTCGGAATGACAGAT
602,3423600.0,3423623.0,-,9.897960000000001,5.8899999999999995e-05,1.0,TCCCAAATCTCTGGGCCTGTTGAC
603,2442217.0,2442240.0,+,9.87755,5.93e-05,1.0,TCACATCCCTGAAGATGCACAGAT
604,2491496.0,2491519.0,+,9.87755,5.93e-05,1.0,CCACAATCCTAAATTAGGAATGAT
605,5369910.0,5369933.0,-,9.87755,5.93e-05,1.0,CAACAACCTTTCCGTTTCCACCAC
606,3692721.0,3692744.0,+,9.86735,5.94e-05,1.0,CAACATTTTCTCTTTCGGCATCAC
607,326283.0,326306.0,-,9.86735,5.94e-05,1.0,CACCATATCCACCGGTCCGCCCAC
608,6002152.0,6002175.0,-,9.86735,5.94e-05,1.0,TCCCATTCCGACCTACAACATCAC
609,1737773.0,1737796.0,+,9.85714,5.96e-05,1.0,TCCCATCTGCTTCTGGCGGAAGAC
610,71405.0,71428.0,-,9.85714,5.96e-05,1.0,TAACATTCAGGCGAAAAAAAAGAT
611,4043928.0,4043951.0,-,9.85714,5.96e-05,1.0,TCACATCTGCCGCCGAAAAAAGAT
612,4555763.0,4555786.0,+,9.836730000000001,5.9999999999999995e-05,1.0,TCACATCCAGGGCCGCCCGGACAT
613,1997008.0,1997031.0,-,9.836730000000001,5.9999999999999995e-05,1.0,TACCATTGAGCCTGACCGTCCCAT
614,3452542.0,3452565.0,+,9.82653,6.0299999999999995e-05,1.0,CCACAATACGCTCAGGCCGACGGC
615,3357206.0,3357229.0,-,9.82653,6.0299999999999995e-05,1.0,CCACAATGGCCGCACCATGACGGC
616,1982358.0,1982381.0,+,9.81633,6.04e-05,1.0,TCCCATCCTGGCGGCCCTGGCCAT
617,753993.0,754016.0,-,9.81633,6.04e-05,1.0,TACCATTACCGGCGACATCCCCAT
618,1783956.0,1783979.0,-,9.81633,6.04e-05,1.0,TCACAGACGCTGATGGTCGGCGAC
619,2276823.0,2276846.0,+,9.80612,6.07e-05,1.0,CCACATCTTCAAAGCGCTCTCCAT
620,195744.0,195767.0,-,9.80612,6.07e-05,1.0,CCACATCACATCTTCGGTACCCAT
621,4489732.0,4489755.0,-,9.80612,6.07e-05,1.0,TCACAATCTCTTTCCGGGTACGGC
622,4561070.0,4561093.0,-,9.80612,6.07e-05,1.0,CAACAATCCCATGCTCAACCAGAT
623,6322001.0,6322024.0,+,9.795919999999999,6.08e-05,1.0,TCCCAAAAAAGAGGCCGAGGAGAC
624,393147.0,393170.0,-,9.795919999999999,6.08e-05,1.0,TCCCATCCGCCGGAATGGAAAGAC
625,6199847.0,6199870.0,+,9.78571,6.11e-05,1.0,CCACAATCCCCACAATCCCCCGAA
626,1941687.0,1941710.0,-,9.78571,6.11e-05,1.0,CACCATTTACATCTTTCACCCCAC
627,2596995.0,2597018.0,-,9.78571,6.11e-05,1.0,CCACAAAGACCACATTGCGCTCAC
628,2696722.0,2696745.0,-,9.78571,6.11e-05,1.0,TAACAATCTGCCCTATTTTCTGAT
629,5363568.0,5363591.0,-,9.78571,6.11e-05,1.0,TCACGATTTTCCACCACGTCCGAC
630,1126287.0,1126310.0,-,9.77551,6.13e-05,1.0,TCCCATCGGAAAACCGGCACTGAC
631,1873153.0,1873176.0,-,9.77551,6.13e-05,1.0,TCCCATCCGCACCGCACCGGCCAT
632,3457563.0,3457586.0,+,9.765310000000001,6.159999999999999e-05,1.0,CCACATCTTCAACGAGCCGGTCAC
633,4946928.0,4946951.0,+,9.765310000000001,6.159999999999999e-05,1.0,TAACATTTTTTAATGGACGTTCAC
634,5711850.0,5711873.0,+,9.765310000000001,6.159999999999999e-05,1.0,TAACATTTTTTATCTCCCAATCAC
635,6201602.0,6201625.0,-,9.7551,6.18e-05,1.0,CCATATTGCCTGAAACGGCTCGAC
636,1257351.0,1257374.0,+,9.7449,6.21e-05,1.0,CACCAATTCCCCGACCAGGTTGAC
637,5935335.0,5935358.0,+,9.7449,6.21e-05,1.0,CCACAAAACACAGACAGCCCACAC
638,4889806.0,4889829.0,-,9.7449,6.21e-05,1.0,TAACAATTTTTGGAACCGGATGAT
639,1032549.0,1032572.0,+,9.734689999999999,6.23e-05,1.0,CCAGATTGCGCCACTCAAAGCGAC
640,5431736.0,5431759.0,+,9.734689999999999,6.23e-05,1.0,CAACATCGTTCTGAGAACCCAGAC
641,2906876.0,2906899.0,-,9.734689999999999,6.23e-05,1.0,CCCCATTCGGTTCAGCGCGTTGAT
642,153478.0,153501.0,+,9.72449,6.27e-05,1.0,TACCATCGCGGACCGGCGCGTGAC
643,3564130.0,3564153.0,+,9.72449,6.27e-05,1.0,TCACAATATTACAGCCGGTGCAAC
644,4184212.0,4184235.0,-,9.72449,6.27e-05,1.0,CCCCATCTCATGGGTCACCACCAC
645,2793976.0,2793999.0,+,9.71429,6.29e-05,1.0,TCATATTTGCCATATCGTTCCGAC
646,4003162.0,4003185.0,+,9.71429,6.29e-05,1.0,CAACATCTCCGAGTCGGGCCCCAT
647,5201153.0,5201176.0,+,9.71429,6.29e-05,1.0,CCCCATTGCCAGCAGTGCCTTGAT
648,3823075.0,3823098.0,-,9.71429,6.29e-05,1.0,CCCCATTGCCCCCGGATTGAAGAT
649,4703012.0,4703035.0,-,9.71429,6.29e-05,1.0,CCCCATTCCGCTTCCGACGAAGAT
650,293229.0,293252.0,+,9.704080000000001,6.330000000000001e-05,1.0,TCACAAATCGGGAGAATATCTCAC
651,1109804.0,1109827.0,-,9.704080000000001,6.330000000000001e-05,1.0,TCACATCAGCGAACTGTCTTACAC
652,930244.0,930267.0,-,9.69388,6.35e-05,1.0,CACCATCCCTTCTGCATCAACGAC
653,1676606.0,1676629.0,+,9.67347,6.4e-05,1.0,CAACAATATTGTTATCGTGGCCAT
654,1700978.0,1701001.0,-,9.67347,6.4e-05,1.0,TCATATTTTGCCATCAGAGACGAC
655,3436095.0,3436118.0,-,9.67347,6.4e-05,1.0,CACCATCACCGATGATGATCCGAC
656,5876375.0,5876398.0,-,9.67347,6.4e-05,1.0,CAACATCCAGCAGCCCCAGGCCAT
657,4551012.0,4551035.0,+,9.663269999999999,6.42e-05,1.0,CCCCATATTATCGCCGAAAGCGAT
658,4589319.0,4589342.0,+,9.663269999999999,6.42e-05,1.0,CCCCATATGCATCAGGCTAACGAT
659,2982644.0,2982667.0,-,9.663269999999999,6.42e-05,1.0,TAACAATGAGAAAAACCGGAAGAT
660,1439090.0,1439113.0,+,9.65306,6.45e-05,1.0,TCCCATTGATTTCATCGGCGTGAT
661,1537461.0,1537484.0,+,9.65306,6.45e-05,1.0,CACCATCCGGGGCCTGTCGCCCAC
662,4656938.0,4656961.0,+,9.65306,6.45e-05,1.0,CCACAACGTCCCTGTCTTGTCCAT
663,1095604.0,1095627.0,-,9.65306,6.45e-05,1.0,CAACATACTGCCCGCCGGTCAGAT
664,3402931.0,3402954.0,-,9.65306,6.45e-05,1.0,CACCATCGTGGGGGCCGGTGCCAC
665,3970518.0,3970541.0,+,9.64286,6.47e-05,1.0,TCCCATCTCCAGCAGATATTCCAC
666,4312951.0,4312974.0,+,9.64286,6.47e-05,1.0,CGACATTTCAAACCTCCCACCGAC
667,2639876.0,2639899.0,-,9.64286,6.47e-05,1.0,CCTCATTCCGGGAGAAATGACGAC
668,3465926.0,3465949.0,+,9.63265,6.49e-05,1.0,CACCATCGGCCCGCTGACCGCCAC
669,2274669.0,2274692.0,+,9.62245,6.51e-05,1.0,TCCCAAAATCAGACTGAAAGCCAC
670,4649322.0,4649345.0,+,9.62245,6.51e-05,1.0,TCACATCAGAAACAGGAAGGACAC
671,1543435.0,1543458.0,-,9.62245,6.51e-05,1.0,TCCCAACACACTCGCCTCCCTGAC
672,4618694.0,4618717.0,+,9.61224,6.53e-05,1.0,CCACAACAAGGGCGTCTTCTCCAT
673,6175676.0,6175699.0,-,9.61224,6.53e-05,1.0,CAACAATGATCGTAATCGGCTCAC
674,5976388.0,5976411.0,+,9.602039999999999,6.55e-05,1.0,TCACATTTGAGCGGGCCGCCGGAT
675,1231927.0,1231950.0,-,9.602039999999999,6.55e-05,1.0,CCACATTCAGCGCCATTTTGACAT
676,2877402.0,2877425.0,+,9.59184,6.57e-05,1.0,TACCAAAGAACCAAAATCTTCGAC
677,4664969.0,4664992.0,-,9.59184,6.57e-05,1.0,TAACATCATGGCAGGGGGCGTCAC
678,1817289.0,1817312.0,-,9.57143,6.61e-05,1.0,CATCATTCCGCCGACACCGGCGAC
679,3925550.0,3925573.0,-,9.57143,6.61e-05,1.0,TCCCATTCGGCCAGGGCCGGACAT
680,4603036.0,4603059.0,-,9.57143,6.61e-05,1.0,CCACATTGCCAATACCCCTTCGGC
681,6259172.0,6259195.0,-,9.57143,6.61e-05,1.0,CACCATATCAACCGGCCCGGCGAT
682,144363.0,144386.0,+,9.55102,6.659999999999999e-05,1.0,CAACATTGGGACATTCATTCAGAT
683,23917.0,23940.0,-,9.55102,6.659999999999999e-05,1.0,CCACTTTGCAGAAGTATGGGCGAC
684,301406.0,301429.0,-,9.55102,6.659999999999999e-05,1.0,CCACAACCACGGCGACCTCAACAC
685,638826.0,638849.0,+,9.54082,6.68e-05,1.0,TACCATTGCCGTGGGCGGCATGAT
686,5368973.0,5368996.0,+,9.54082,6.68e-05,1.0,TACCATTATCCGCCGCCCGCTGAT
687,5639678.0,5639701.0,+,9.54082,6.68e-05,1.0,TCCCATAGAGGCGTATCGGCCCAT
688,1112377.0,1112400.0,+,9.530610000000001,6.720000000000001e-05,1.0,CAACATTCCCAAAATCCTTGAGAT
689,2666214.0,2666237.0,+,9.530610000000001,6.720000000000001e-05,1.0,CCACATTATCTGTCCCAGAGGGAC
690,2212606.0,2212629.0,-,9.530610000000001,6.720000000000001e-05,1.0,TCACATGGCCGGTCCCCGGGAGAC
691,2389820.0,2389843.0,-,9.530610000000001,6.720000000000001e-05,1.0,TACCATCGCCCAGGATGAGGCCAC
692,3390319.0,3390342.0,-,9.530610000000001,6.720000000000001e-05,1.0,CCACAAAGGCCATGCAGTTGTGAT
693,1701736.0,1701759.0,+,9.52041,6.73e-05,1.0,TCAGAATTTGACGCTCTGTCCGAC
694,3121015.0,3121038.0,+,9.52041,6.73e-05,1.0,CCACATGTGTGGGGATGTTTCGAC
695,3122174.0,3122197.0,+,9.52041,6.73e-05,1.0,CCACATGTGTGGGGATGTTTCGAC
696,3124065.0,3124088.0,+,9.52041,6.73e-05,1.0,CCACATGTGTGGGGATGTTTCGAC
697,3125712.0,3125735.0,+,9.52041,6.73e-05,1.0,CCACATGTGTGGGGATGTTTCGAC
698,3125773.0,3125796.0,+,9.52041,6.73e-05,1.0,CCACATGTGTGGGGATGTTTCGAC
699,3125895.0,3125918.0,+,9.52041,6.73e-05,1.0,CCACATGTGTGGGGATGTTTCGAC
700,4600072.0,4600095.0,+,9.52041,6.73e-05,1.0,CAACAACAAGGCCGTCTACCTGAC
701,1269577.0,1269600.0,-,9.52041,6.73e-05,1.0,TCACATTGGGATATATTTCCACAT
702,2441570.0,2441593.0,+,9.5102,6.77e-05,1.0,CCACATTCAGACCGAACAGACGTC
703,5066168.0,5066191.0,+,9.5102,6.77e-05,1.0,CCACAAAATACCCCGGAGTCAGAT
704,780421.0,780444.0,-,9.5102,6.77e-05,1.0,CCACATCGGAGCCGATGTTCAGAT
705,5120615.0,5120638.0,-,9.5102,6.77e-05,1.0,CCACAAACCAGGCATCATGCAGAT
706,1541201.0,1541224.0,+,9.5,6.790000000000001e-05,1.0,TCACATTTTTCAGAGGAACTTCAT
707,5749683.0,5749706.0,+,9.5,6.790000000000001e-05,1.0,CAACAACCTCCAGGAAGAGCTGAC
708,2351899.0,2351922.0,-,9.5,6.790000000000001e-05,1.0,TTACATTCCCCGACAGCCACCCAC
709,4322764.0,4322787.0,-,9.5,6.790000000000001e-05,1.0,TCCCATACGGCCGAAGCCCGTCAC
710,516267.0,516290.0,+,9.4898,6.829999999999999e-05,1.0,TCACATTCTGTGAAAGCATTCGGC
711,3877574.0,3877597.0,+,9.4898,6.829999999999999e-05,1.0,TCACAACAACTATCTGGCCGACAC
712,6426714.0,6426737.0,+,9.4898,6.829999999999999e-05,1.0,CCACATCCTCGAAGGGCTGAAGAT
713,321501.0,321524.0,-,9.4898,6.829999999999999e-05,1.0,TGACAAATCCTGGGGCGCGCCGAC
714,1955098.0,1955121.0,-,9.4898,6.829999999999999e-05,1.0,TCACATTGTCGTAAGTATAGCGGC
715,3969921.0,3969944.0,-,9.4898,6.829999999999999e-05,1.0,CCCCAAAGCCCATTTTGCCACGAT
716,6268782.0,6268805.0,-,9.4898,6.829999999999999e-05,1.0,CCACATCCGCAACGGTCGTATGAT
717,2737774.0,2737797.0,-,9.47959,6.850000000000001e-05,1.0,TCCCATTCAGCTGCTTTTCTTCAC
718,4010716.0,4010739.0,-,9.47959,6.850000000000001e-05,1.0,CAACAACCCGACCGGCGCGACCAT
719,1882676.0,1882699.0,+,9.45918,6.92e-05,1.0,TCCCATTGTTCTGGTCATCATCAC
720,6056335.0,6056358.0,+,9.45918,6.92e-05,1.0,TCAGAATATCGGCAATACGGCGAC
721,6376637.0,6376660.0,-,9.45918,6.92e-05,1.0,TCACATTCAATATGGAAGGAACAT
722,1220494.0,1220517.0,-,9.43878,6.979999999999999e-05,1.0,TCCCATTGATTCGACGTTCAACAC
723,5209617.0,5209640.0,+,9.42857,7.01e-05,1.0,CCCCAAAGCCAGACAGCTCCTGAC
724,2538153.0,2538176.0,-,9.42857,7.01e-05,1.0,TCACATCTTACGATGGCATGAGAT
725,291489.0,291512.0,+,9.41837,7.03e-05,1.0,CAACATAGAGGGAGCCTGCGACAC
726,1033968.0,1033991.0,+,9.40816,7.06e-05,1.0,TCACATTCACGGCCCCTTCCGCAC
727,1034283.0,1034306.0,+,9.40816,7.06e-05,1.0,TCACATTCACGGCCCCTTCCGCAC
728,1068793.0,1068816.0,+,9.40816,7.06e-05,1.0,CCACAATTATCCCCTGGGTCACAT
729,2572488.0,2572511.0,+,9.40816,7.06e-05,1.0,CCCCATCAGCACCACGTCCGTGAC
730,5581921.0,5581944.0,+,9.40816,7.06e-05,1.0,CCCCATCCTGACCACGCCCATGAC
731,2573425.0,2573448.0,-,9.40816,7.06e-05,1.0,CCCCATCATGCGGACGGGGATGAC
732,2699340.0,2699363.0,-,9.40816,7.06e-05,1.0,CCCCATCCCGGATCAGGGCATGAC
733,18155.0,18178.0,+,9.397960000000001,7.08e-05,1.0,TCCCAATCACATCAAGCCGGTGAT
734,2280076.0,2280099.0,+,9.397960000000001,7.08e-05,1.0,CCACAATCCCCAGCTTTTCCCGGC
735,3980291.0,3980314.0,+,9.397960000000001,7.08e-05,1.0,TAACAACACGGGCGTCAAGCCCAT
736,1261448.0,1261471.0,-,9.397960000000001,7.08e-05,1.0,TCCCATTGCCGAATTCAAACTCAC
737,2920563.0,2920586.0,-,9.397960000000001,7.08e-05,1.0,CACCATATCCAGCGCCTCTCCCAC
738,1236931.0,1236954.0,+,9.38776,7.099999999999999e-05,1.0,CCACAATGGTGTCCATCAGCACAT
739,4275012.0,4275035.0,+,9.38776,7.099999999999999e-05,1.0,CCACAATGCCTGGATCATCCTCAT
740,565277.0,565300.0,-,9.37755,7.13e-05,1.0,CAACAATGTCGCCTCTTATCAGAT
741,6191731.0,6191754.0,-,9.37755,7.13e-05,1.0,CACCATCCCTGGTCCGGGGCCGAT
742,1204799.0,1204822.0,+,9.36735,7.15e-05,1.0,TCACATCGGCGGTGCGACCGACAT
743,1393771.0,1393794.0,+,9.36735,7.15e-05,1.0,TCACATCAGAAATGAGGGACTGAT
744,1803616.0,1803639.0,+,9.36735,7.15e-05,1.0,TCACATTGAAAGCCGGGGGGCCAA
745,5907304.0,5907327.0,+,9.36735,7.15e-05,1.0,TCACATCCCCCGACTCCCGGACAT
746,79878.0,79901.0,-,9.36735,7.15e-05,1.0,TCACATCGCCCTCCCCGGCAACAT
747,3676010.0,3676033.0,-,9.36735,7.15e-05,1.0,CCACAATGACCAGGGGCTTATCAT
748,3869495.0,3869518.0,-,9.36735,7.15e-05,1.0,CAACAACACAGCGGTTTTTACCAC
749,1930197.0,1930220.0,-,9.35714,7.18e-05,1.0,CACCATAATCACGCCCACGGCCAC
750,4109647.0,4109670.0,-,9.35714,7.18e-05,1.0,CAACAATTTCCGTCTGGAGATGAT
751,6155559.0,6155582.0,-,9.35714,7.18e-05,1.0,TCACATCGGGGGCGGGGGATCGCC
752,2884781.0,2884804.0,-,9.34694,7.2e-05,1.0,CCACAATCAGGAAGACCTCCACAT
753,3447931.0,3447954.0,-,9.34694,7.2e-05,1.0,TCCCAAAGAGGAAGATCTGGAGAC
754,4082914.0,4082937.0,-,9.34694,7.2e-05,1.0,TCCCAAATTCAGCCCGGAAATGAC
755,215080.0,215103.0,+,9.336730000000001,7.23e-05,1.0,TAACATCAGTTGCCCGGCCCAGAT
756,1908358.0,1908381.0,-,9.336730000000001,7.23e-05,1.0,TCACAGTGACAACAGGCCGCCGAT
757,348910.0,348933.0,+,9.32653,7.25e-05,1.0,TCCCAAAACCGGTGACAAAGTGAC
758,3218220.0,3218243.0,+,9.32653,7.25e-05,1.0,CAACAACATAGAGGATGTGACCAC
759,5835516.0,5835539.0,+,9.32653,7.25e-05,1.0,TCCCATATAAAAAAAATGCCCCAC
760,445300.0,445323.0,+,9.31633,7.290000000000001e-05,1.0,TAACATTTTTTCAGATTTTGTCAC
761,3442273.0,3442296.0,+,9.31633,7.290000000000001e-05,1.0,CCACAAAATACGGCGTTCCATCAC
762,3439992.0,3440015.0,-,9.31633,7.290000000000001e-05,1.0,TACCAACGGCACGGCAGACGCCAC
763,4557492.0,4557515.0,-,9.31633,7.290000000000001e-05,1.0,TCCCAGTCCGGCCTCACCTCCGAC
764,4315868.0,4315891.0,+,9.30612,7.31e-05,1.0,TCTCATTCTTTCGCCGCCGGCGAT
765,3212948.0,3212971.0,+,9.295919999999999,7.340000000000001e-05,1.0,TCACAATACTTCTCAGATCCCGGC
766,358543.0,358566.0,-,9.295919999999999,7.340000000000001e-05,1.0,CCACAATCCACATGCCAAGGGGAC
767,398868.0,398891.0,-,9.295919999999999,7.340000000000001e-05,1.0,CCACATCGTAGGAGATAATGCCAT
768,1694232.0,1694255.0,+,9.28571,7.37e-05,1.0,CCCCATTTTTTTCCGGCCGGAGAT
769,652402.0,652425.0,+,9.27551,7.4e-05,1.0,CCACATCATCATCGAGCGGAACAC
770,361929.0,361952.0,-,9.27551,7.4e-05,1.0,TAACAATATTTCTCAGGATCTGAT
771,2343484.0,2343507.0,-,9.27551,7.4e-05,1.0,CCACAACCCCCAGCCCCATATGAT
772,4145035.0,4145058.0,+,9.265310000000001,7.43e-05,1.0,CAACAAAGGTCCAGTTGGCCCCAT
773,4813822.0,4813845.0,+,9.265310000000001,7.43e-05,1.0,TCACAATCTCAGAGCCAATATCAT
774,1722940.0,1722963.0,-,9.265310000000001,7.43e-05,1.0,CAACAAAGCGGCCTCAGTTGCCAT
775,4746798.0,4746821.0,+,9.2449,7.49e-05,1.0,CAACATCTTCAGGGGCGTCCCCAT
776,3044967.0,3044990.0,+,9.234689999999999,7.52e-05,1.0,TAACAATGAACAGTTATCAGTGAT
777,5490449.0,5490472.0,+,9.234689999999999,7.52e-05,1.0,CCCCATCACAATGATGGTGGCCAC
778,93586.0,93609.0,+,9.22449,7.55e-05,1.0,CAACATCAAGGACATTGAGCAGAC
779,3211211.0,3211234.0,+,9.22449,7.55e-05,1.0,AAACAATTCAGACCGCCGGACGAC
780,4396082.0,4396105.0,+,9.22449,7.55e-05,1.0,TCCCAATGTGCGGATAATGGTCAC
781,2075261.0,2075284.0,+,9.21429,7.58e-05,1.0,CCTCATTCCTTAATCAGGTCCGAC
782,2520973.0,2520996.0,-,9.21429,7.58e-05,1.0,GCACATTGCTTCGGCAGAGGCGAT
783,3010814.0,3010837.0,-,9.21429,7.58e-05,1.0,TCTCATAGGCTTCGGAGAGGCGAC
784,165280.0,165303.0,-,9.204080000000001,7.6e-05,1.0,AAACAATCGGAGGCAGAGACCGAC
785,4260652.0,4260675.0,+,9.204080000000001,7.6e-05,1.0,CAACAAAAACCCCAACGCGGCCAT
786,4630563.0,4630586.0,+,9.204080000000001,7.6e-05,1.0,CAACATCCGGGTCGCGCGGATCAC
787,6146130.0,6146153.0,-,9.204080000000001,7.6e-05,1.0,CAACATCCCCCTGCCCCCCAACAC
788,893773.0,893796.0,-,9.19388,7.63e-05,1.0,CCACATACCCGGTCGCCCGATCAT
789,4259107.0,4259130.0,+,9.19388,7.63e-05,1.0,TCACAATGGGGCCGCCCATGGCAC
790,1688040.0,1688063.0,-,9.18367,7.659999999999999e-05,1.0,TCCCAATGCTGGAAAAACAACCAT
791,2139609.0,2139632.0,-,9.17347,7.68e-05,1.0,CAATATTGCCCCGCAGCAGGCGAC
792,894566.0,894589.0,-,9.163269999999999,7.709999999999999e-05,1.0,CAACAATGTGTTTATCACGCTCAC
793,3288827.0,3288850.0,-,9.163269999999999,7.709999999999999e-05,1.0,CACCATCAGCCCGTGTGCGCCCAC
794,5185867.0,5185890.0,-,9.163269999999999,7.709999999999999e-05,1.0,TCCCATTATTGCGGCTACTATGAT
795,2720843.0,2720866.0,-,9.15306,7.730000000000001e-05,1.0,TACCAATCAGATGCCCATAATGAC
796,3453179.0,3453202.0,-,9.15306,7.730000000000001e-05,1.0,TCACATTCCGCCCGGCTGCGAGCC
797,620511.0,620534.0,+,9.14286,7.759999999999999e-05,1.0,CCACATTTTTTTGCGGATGGCGGC
798,1820046.0,1820069.0,+,9.14286,7.759999999999999e-05,1.0,TAACATCGACTGCCGTTCCCACAC
799,3222032.0,3222055.0,+,9.14286,7.759999999999999e-05,1.0,CCACATGATCCCGGCCCCGCCGAT
800,1058085.0,1058108.0,+,9.13265,7.780000000000001e-05,1.0,TCCCAACACCATCACCGTGCTGAC
801,1747661.0,1747684.0,-,9.13265,7.780000000000001e-05,1.0,TAAAATTCTCCCTCACCTCCCGAC
802,3438649.0,3438672.0,+,9.13265,7.780000000000001e-05,1.0,CCACATTTATCTCGCTGAGTACAT
803,3472252.0,3472275.0,-,9.13265,7.780000000000001e-05,1.0,CACCATTCCCACCCCGCCGCAGAT
804,4104878.0,4104901.0,+,9.13265,7.780000000000001e-05,1.0,CCACATTTTCCATCTCCATCTCAT
805,5371281.0,5371304.0,+,9.13265,7.780000000000001e-05,1.0,TAAAATTTGCTCATCCGGCCCGAC
806,4598127.0,4598150.0,-,9.12245,7.8e-05,1.0,CACCATATCCCCGATGTCCCCGAT
807,5955775.0,5955798.0,-,9.12245,7.8e-05,1.0,CAACAATCCCAACAGCTTTATCAC
808,4210297.0,4210320.0,+,9.11224,7.82e-05,1.0,CCACATTGACCTTTGCCATATCAT
809,1114340.0,1114363.0,-,9.102039999999999,7.85e-05,1.0,TAACAACCAGGCGAGCCGGGAGAT
810,2395960.0,2395983.0,+,9.102039999999999,7.85e-05,1.0,CCACAACGATGTCACAATCGCCAT
811,3944905.0,3944928.0,+,9.102039999999999,7.85e-05,1.0,TCACATAGCCCGTATCCACCCGGC
812,1726221.0,1726244.0,+,9.09184,7.87e-05,1.0,CAACAACTATGTCCTTGCCGTGAC
813,293645.0,293668.0,-,9.08163,7.91e-05,1.0,CCACAACAGCGTCAATCGCCACAC
814,3013626.0,3013649.0,-,9.08163,7.91e-05,1.0,CCACATTCCGATTTCAAAGGCGGC
815,358892.0,358915.0,-,9.07143,7.929999999999999e-05,1.0,TCCCATTCCTCCGTCCGGGCGGAC
816,1298532.0,1298555.0,-,9.07143,7.929999999999999e-05,1.0,TCAGAAACCGAGGCCGGGACCGAC
817,2618971.0,2618994.0,-,9.07143,7.929999999999999e-05,1.0,CCCCATTAATATTCAGATATTGAC
818,4468540.0,4468563.0,+,9.06122,7.97e-05,1.0,CCACATTGTAAATGTGCGCTGGAC
819,5375008.0,5375031.0,+,9.06122,7.97e-05,1.0,CACCAATTTCCAGGATAACACCAC
820,1521562.0,1521585.0,-,9.05102,7.99e-05,1.0,CAACAACCTGACCTATGGCATGAC
821,2258953.0,2258976.0,+,9.05102,7.99e-05,1.0,TCCCATTGACGTGGCCGGCGGGAC
822,252349.0,252372.0,+,9.04082,8.03e-05,1.0,TAACAATTGTTCATAAAACCACAC
823,2779287.0,2779310.0,-,9.04082,8.03e-05,1.0,CCACATCCTGAATGCTGTCGTGAT
824,321008.0,321031.0,+,9.02041,8.09e-05,1.0,CACCATTTTTTCGGAATCGGTGAC
825,2048056.0,2048079.0,+,9.02041,8.09e-05,1.0,CCACAAAGAATACTGGCAGCAGAT
826,2803932.0,2803955.0,+,9.02041,8.09e-05,1.0,TCACAACATCCATAACTCATCCAT
827,3794577.0,3794600.0,+,9.02041,8.09e-05,1.0,CCACATCTTCCGGCAATACCAGAT
828,1542814.0,1542837.0,-,9.0102,8.109999999999999e-05,1.0,CCCCAATCACCCCATGACGCTGAT
829,2234050.0,2234073.0,+,9.0102,8.109999999999999e-05,1.0,CACCAACGGGTTAATCCTGACGAC
830,2399742.0,2399765.0,-,9.0102,8.109999999999999e-05,1.0,CCACATGATTGATGTGGTGACGAC
831,2411390.0,2411413.0,+,9.0102,8.109999999999999e-05,1.0,TCCCATTTTCAAGCATTTTTCCAT
832,5144560.0,5144583.0,-,9.0102,8.109999999999999e-05,1.0,TCAAAATTGGCGATCATATCCGAC
833,1798402.0,1798425.0,-,9.0,8.149999999999999e-05,1.0,TCCCATGCCGCGTCGCTGACCGAC
834,1974681.0,1974704.0,+,9.0,8.149999999999999e-05,1.0,GCACAATGGCGCCCCCGGTGTGAC
835,2561166.0,2561189.0,+,9.0,8.149999999999999e-05,1.0,CCACATCCAGAAATGCGCTCAGAT
836,3483283.0,3483306.0,+,8.9898,8.18e-05,1.0,CACCAACAGGTTAACGATGGCGAC
837,3860831.0,3860854.0,+,8.9898,8.18e-05,1.0,CAACGTTGCGGATGAGCGGGCGAC
838,6381683.0,6381706.0,+,8.9898,8.18e-05,1.0,TCACATTGACAATCTGAATATCAT
839,1645694.0,1645717.0,-,8.97959,8.209999999999999e-05,1.0,TGACATCCGCGTCATGGGCGCGAC
840,1810534.0,1810557.0,-,8.97959,8.209999999999999e-05,1.0,TCACAAAGGATGAAGTTTTGAGAT
841,2500842.0,2500865.0,+,8.97959,8.209999999999999e-05,1.0,TGACATCATGGGCCGGGTGGCGAC
842,4046401.0,4046424.0,+,8.97959,8.209999999999999e-05,1.0,CCACAAACACGCGGCCCGCCTCAT
843,5469447.0,5469470.0,+,8.97959,8.209999999999999e-05,1.0,TGACATCCGCGTCCTGACCGCGAC
844,5771187.0,5771210.0,-,8.97959,8.209999999999999e-05,1.0,TCACATTTCTCCGCACCCTGCCGC
845,1812240.0,1812263.0,+,8.95918,8.27e-05,1.0,CACCATTGTCAAGGCCAATATGAC
846,5963737.0,5963760.0,+,8.95918,8.27e-05,1.0,CCCCATCTGGCGCATTCCGAAGAC
847,197268.0,197291.0,-,8.94898,8.3e-05,1.0,TCATAATCCGGGCCGGATGCCCAC
848,278723.0,278746.0,+,8.94898,8.3e-05,1.0,CAACATCGCGGCCCTGGTGGTGAT
849,687408.0,687431.0,-,8.94898,8.3e-05,1.0,TAACATTTTTCACCCTGCCGCGCC
850,2032261.0,2032284.0,-,8.94898,8.3e-05,1.0,TAACAACAGGTTCCGGTCCACCAT
851,3225097.0,3225120.0,+,8.93878,8.329999999999999e-05,1.0,TCACAAATCAGAATATGAGGAGAT
852,4023711.0,4023734.0,-,8.93878,8.329999999999999e-05,1.0,CCGCAATCCGCCCGGCCAGCCCAC
853,4042966.0,4042989.0,-,8.93878,8.329999999999999e-05,1.0,TTACAATTGTCGCTATTTCACGAC
854,5648498.0,5648521.0,+,8.93878,8.329999999999999e-05,1.0,CCCCAAATCCGCCGCCACGGCCAT
855,508513.0,508536.0,-,8.92857,8.36e-05,1.0,CAACATTCCGGGCGAAACCCGGAC
856,2957493.0,2957516.0,+,8.92857,8.36e-05,1.0,CAACATCCCCTCGGCCACCCTGAT
857,4131363.0,4131386.0,-,8.92857,8.36e-05,1.0,TAACATTGTGGACCAGCCTTCGGC
858,556615.0,556638.0,+,8.91837,8.39e-05,1.0,CCCCATCAGCACCACGTCCATGAC
859,1033338.0,1033361.0,+,8.91837,8.39e-05,1.0,TCACATTCACAGCCCCTTCCGCAC
860,1033653.0,1033676.0,+,8.91837,8.39e-05,1.0,TCACATTCACAGCCCCTTCCGCAC
861,5543328.0,5543351.0,+,8.91837,8.39e-05,1.0,CCACAATGCCGAATTTCCTGTCAT
862,5655372.0,5655395.0,+,8.90816,8.420000000000001e-05,1.0,CACCATATCAATGCCCCGTCCCAC
863,6193607.0,6193630.0,+,8.90816,8.420000000000001e-05,1.0,TCACAAATTCCGGGGCCACCCGGC
864,391962.0,391985.0,-,8.897960000000001,8.44e-05,1.0,CCACAATGACATCCCGGATTTCAT
865,2459804.0,2459827.0,+,8.897960000000001,8.44e-05,1.0,TCACATCCCCGACCCTTCGGACAT
866,5984885.0,5984908.0,+,8.897960000000001,8.44e-05,1.0,CCCCATCCCCGGACAGAGAATGAC
867,201026.0,201049.0,-,8.88776,8.48e-05,1.0,CACCATACCGGTTCCCAGAACCAC
868,385158.0,385181.0,-,8.88776,8.48e-05,1.0,CACCATTTTTCTTCCTTTATCCAC
869,467853.0,467876.0,+,8.88776,8.48e-05,1.0,CACCATCCCCCGGTCGATGGCGAT
870,685966.0,685989.0,-,8.88776,8.48e-05,1.0,CAACAATTTTCTGACCGTCAAGAT
871,2255176.0,2255199.0,-,8.88776,8.48e-05,1.0,TCACATGTGATCTGGCCCTGCCAC
872,4064229.0,4064252.0,+,8.88776,8.48e-05,1.0,CACCATCTCCCCGGCCACGTCGAT
873,4444020.0,4444043.0,+,8.88776,8.48e-05,1.0,TCACATCTTCGCCCCCCACCCGGC
874,53393.0,53416.0,+,8.87755,8.51e-05,1.0,CCACAATCTGGCTGACACAATCAT
875,6508469.0,6508492.0,+,8.87755,8.51e-05,1.0,CCACAATCTGGCTGACACAATCAT
876,6513858.0,6513881.0,+,8.87755,8.51e-05,1.0,CCACAATCTGGCTGACACAATCAT
877,6519250.0,6519273.0,+,8.87755,8.51e-05,1.0,CCACAATCTGGCTGACACAATCAT
878,3100936.0,3100959.0,-,8.86735,8.55e-05,1.0,TCATATTCTCCACGGCCAGGCGAT
879,5465293.0,5465316.0,+,8.86735,8.55e-05,1.0,CCACATCCGTTTTTCAATCACCAT
880,5735631.0,5735654.0,+,8.86735,8.55e-05,1.0,TAACATTTACCGCCGCATGACAAC
881,5860159.0,5860182.0,-,8.86735,8.55e-05,1.0,TAACATCAGCTTTGCCCGGCAGAT
882,6442818.0,6442841.0,-,8.86735,8.55e-05,1.0,CCACATCTTTGACCCGTTCTTCAC
883,3655068.0,3655091.0,+,8.85714,8.57e-05,1.0,TCCCAAAAACCTGCTGGCCCCCAT
884,3726916.0,3726939.0,-,8.85714,8.57e-05,1.0,CCACAATAACGCCGCAATCATCAT
885,3797168.0,3797191.0,+,8.85714,8.57e-05,1.0,TCCCATCCCCACGGCGGTTTCCAT
886,5026205.0,5026228.0,-,8.85714,8.57e-05,1.0,CCACAATCTCAGAGCCAACATCAT
887,5133128.0,5133151.0,-,8.85714,8.57e-05,1.0,TCCCAAAGGCAACCGGGTTGCCAT
888,1918914.0,1918937.0,-,8.84694,8.62e-05,1.0,CCACATCCTGTAATTTCGGCTCAC
889,2408063.0,2408086.0,+,8.84694,8.62e-05,1.0,TCACATCCGTGATGCGCCCCCGAA
890,2437201.0,2437224.0,-,8.84694,8.62e-05,1.0,TCACATCCTGTCCCCAGGCCCGAA
891,2693225.0,2693248.0,+,8.84694,8.62e-05,1.0,CAACATTTTTCGCGAAAATAACAC
892,4951116.0,4951139.0,-,8.84694,8.62e-05,1.0,TCAGATTGGCGGCAGCGGCCTGAC
893,5149920.0,5149943.0,-,8.84694,8.62e-05,1.0,CCACAATCCCTATGATACCGCAAC
894,5463867.0,5463890.0,+,8.84694,8.62e-05,1.0,CCACATATGGTTTCTCTTTCAGAT
895,5819380.0,5819403.0,-,8.84694,8.62e-05,1.0,TCACATCGACCGGGTTCCCGCGAA
896,744287.0,744310.0,-,8.836730000000001,8.640000000000001e-05,1.0,TCAAATACCGGTGTGATGGCCGAC
897,5387299.0,5387322.0,+,8.836730000000001,8.640000000000001e-05,1.0,TCCCATCGGGCCGATGTCAGCCAT
898,5585268.0,5585291.0,+,8.836730000000001,8.640000000000001e-05,1.0,TCACAATTACAGCATCTCTTTCAT
899,6548778.0,6548801.0,+,8.836730000000001,8.640000000000001e-05,1.0,CAACAAATTTCCTCTCTGAAAGAC
900,2822660.0,2822683.0,-,8.82653,8.68e-05,1.0,CCACAACGGTCAGGTTCAGCTGAT
901,2992893.0,2992916.0,-,8.82653,8.68e-05,1.0,TAACATCCGGGGAGGGATACTGAT
902,3099025.0,3099048.0,-,8.82653,8.68e-05,1.0,CAACAATGACAAATGGGATCAGAT
903,3364641.0,3364664.0,+,8.82653,8.68e-05,1.0,TCACATCGCCACAGCGGTGCGGAC
904,46927.0,46950.0,-,8.80612,8.740000000000001e-05,1.0,CCCCATCCCGAATTTGTTCTCCAC
905,207202.0,207225.0,-,8.80612,8.740000000000001e-05,1.0,TCACATGGAGGCCAAAGAGGCCAC
906,4401882.0,4401905.0,+,8.80612,8.740000000000001e-05,1.0,CCCCATCTTTTTAAGGGTGCCCAC
907,1581853.0,1581876.0,+,8.795919999999999,8.77e-05,1.0,CAACATCAGCGTTATTGATGTGAC
908,710617.0,710640.0,+,8.78571,8.809999999999999e-05,1.0,CAACAATCAGCGGGGCCGGATCAT
909,767848.0,767871.0,-,8.78571,8.809999999999999e-05,1.0,TGACAACCCGGTTCCGGGCGCGAC
910,1137852.0,1137875.0,-,8.78571,8.809999999999999e-05,1.0,CAACAATAGGCAGAAAAAGCTGAT
911,1204957.0,1204980.0,+,8.78571,8.809999999999999e-05,1.0,TACCATCGCCCTGCGAGGTGAGAC
912,2671083.0,2671106.0,-,8.78571,8.809999999999999e-05,1.0,CACCAATGACGGCTATATCCTGAC
913,3159915.0,3159938.0,-,8.78571,8.809999999999999e-05,1.0,TCCCAGTCACCGGGAAAGGGCGAC
914,3786927.0,3786950.0,-,8.78571,8.809999999999999e-05,1.0,CACCAATGAACAGGCCTTTGAGAC
915,5391399.0,5391422.0,-,8.78571,8.809999999999999e-05,1.0,CCCCAACGTCTTTACGGAGGCGAT
916,282813.0,282836.0,-,8.77551,8.83e-05,1.0,CAACATCGTCTGTGACCGTGCCAT
917,2215576.0,2215599.0,-,8.77551,8.83e-05,1.0,TCACAATATGATACACCAGAACAT
918,4126774.0,4126797.0,+,8.77551,8.83e-05,1.0,CAACAAAAACTACCAGTATCTGAC
919,5643639.0,5643662.0,-,8.77551,8.83e-05,1.0,CAACATCTCTTCCACATCAAAGAC
920,6355025.0,6355048.0,+,8.77551,8.83e-05,1.0,CAACAAATCCATGCTGGACGCCAT
921,2699036.0,2699059.0,+,8.765310000000001,8.87e-05,1.0,TACCATCTCCCGGCCGGAGAAGAC
922,3331139.0,3331162.0,+,8.765310000000001,8.87e-05,1.0,CCACATCATCCCAGACAAGATCAC
923,4693812.0,4693835.0,-,8.765310000000001,8.87e-05,1.0,TCGCATAGGGGTGCATGTTCCGAC
924,6463386.0,6463409.0,+,8.765310000000001,8.87e-05,1.0,TACCATCGCCGATGACGGCCTGAC
925,1129284.0,1129307.0,-,8.7551,8.89e-05,1.0,CAACAAACGGGCGGCCATTGACAC
926,4329601.0,4329624.0,+,8.7551,8.89e-05,1.0,CCCCATTTCAGGAGCATCTGAGAT
927,2191452.0,2191475.0,-,8.7449,8.93e-05,1.0,TCGCATATCGTTCCGACGCACGAC
928,2994951.0,2994974.0,-,8.7449,8.93e-05,1.0,TAACATTATATAAAAACTTGACAC
929,4486284.0,4486307.0,-,8.7449,8.93e-05,1.0,CCACTTTGGCGGCCCCGGCCAGAC
930,201502.0,201525.0,+,8.734689999999999,8.950000000000001e-05,1.0,CAACATCGACAGCATCGGCTCCAT
931,1196014.0,1196037.0,+,8.734689999999999,8.950000000000001e-05,1.0,CAACAAAAATCAGGCGGACGCCAT
932,1649980.0,1650003.0,+,8.734689999999999,8.950000000000001e-05,1.0,CAACATCGGCCAGCGTTCCCACAC
933,1137628.0,1137651.0,-,8.72449,8.99e-05,1.0,TTACATATATCCGCAGGTGGCGAC
934,3254962.0,3254985.0,-,8.72449,8.99e-05,1.0,CCACATACCGGCCCGGATTGACAT
935,4072988.0,4073011.0,-,8.72449,8.99e-05,1.0,TCACATACCTTATTGAATTTAGAT
936,5171926.0,5171949.0,-,8.71429,9.01e-05,1.0,CCCCATTCCGGGGCGGTCGGTCAT
937,667864.0,667887.0,-,8.704080000000001,9.04e-05,1.0,TCACAACAGCCACAACCTATTGAT
938,1572997.0,1573020.0,-,8.704080000000001,9.04e-05,1.0,CCACAGCCGGTCACCGGCTCCGAC
939,3230659.0,3230682.0,+,8.704080000000001,9.04e-05,1.0,CAACAAGGACGGCTTCGGGCCGAC
940,2438184.0,2438207.0,-,8.69388,9.070000000000001e-05,1.0,TAACAAAATAAACTGTTCAATGAC
941,5053795.0,5053818.0,+,8.69388,9.070000000000001e-05,1.0,TCAGAATTCCCCGGCCTGCCCGAT
942,5748640.0,5748663.0,-,8.68367,9.1e-05,1.0,TCACATTGAGTACGGCGTCCCGCT
943,1424664.0,1424687.0,-,8.67347,9.13e-05,1.0,CCACATGCTGCCTGCGCCAGCGAT
944,5501198.0,5501221.0,-,8.67347,9.13e-05,1.0,TCCCATTTGTCAGGTAATGAAGAT
945,6126176.0,6126199.0,+,8.67347,9.13e-05,1.0,TCAGATTCGGTCCCCAGTAGCCAC
946,6336649.0,6336672.0,-,8.67347,9.13e-05,1.0,TCAAATTCATCGCCCTCCACCCAC
947,2293119.0,2293142.0,+,8.663269999999999,9.159999999999999e-05,1.0,TCACATTGCGGATCTGGCTCGGAT
948,2945571.0,2945594.0,-,8.663269999999999,9.159999999999999e-05,1.0,TACCAATCCTGACACCACTCCCAT
949,2208682.0,2208705.0,+,8.65306,9.19e-05,1.0,CAACAATACAACTTTTCCAGACAC
950,3040804.0,3040827.0,-,8.65306,9.19e-05,1.0,TCAGATTCGGAATACGCCGCCCAC
951,3754936.0,3754959.0,+,8.65306,9.19e-05,1.0,TCCCATTTACATTGAACCGAAGAT
952,4798312.0,4798335.0,-,8.65306,9.19e-05,1.0,CACCATCGGCCTCAGCACCACCAC
953,5508676.0,5508699.0,-,8.65306,9.19e-05,1.0,CAACAATATCATTGAGATCCACAC
954,455945.0,455968.0,-,8.64286,9.22e-05,1.0,CCACATTTTCATTTGACAGCACAT
955,4430357.0,4430380.0,+,8.64286,9.22e-05,1.0,TCACATTGACACAGCCAGCCCGGT
956,4853733.0,4853756.0,-,8.64286,9.22e-05,1.0,TCACATTTCTGGCGGAGACGGGAT
957,1952844.0,1952867.0,-,8.63265,9.25e-05,1.0,TCACATATGCCTGCTGACAGCGGC
958,4089106.0,4089129.0,+,8.63265,9.25e-05,1.0,TCACATATCCCGAACCCGTTCGGC
959,4840727.0,4840750.0,-,8.63265,9.25e-05,1.0,CATCATTGTGGTGGACGGCACGAC
960,5702858.0,5702881.0,+,8.63265,9.25e-05,1.0,TAACATCCAAATAACCCGCTCCAT
961,1349298.0,1349321.0,-,8.62245,9.279999999999999e-05,1.0,TCACATTCCGAATGCGCAGGCAAT
962,2899334.0,2899357.0,+,8.62245,9.279999999999999e-05,1.0,TCGCATTTGTTACGCCTGCGCCAC
963,3063164.0,3063187.0,-,8.62245,9.279999999999999e-05,1.0,TCTCAATGCCTCGCTGGTGGCGAT
964,4701380.0,4701403.0,+,8.62245,9.279999999999999e-05,1.0,TCTCAATCCGGTTTGCCCGGCGAT
965,5070923.0,5070946.0,-,8.62245,9.279999999999999e-05,1.0,TGACATTCCCCGCCTTTTTCCCAC
966,256757.0,256780.0,+,8.602039999999999,9.340000000000001e-05,1.0,TCACATTCCCCCGGCGGACATAAC
967,2295979.0,2296002.0,-,8.602039999999999,9.340000000000001e-05,1.0,TCCCATAATCTGTTCGGGAGCCAT
968,1760446.0,1760469.0,+,8.59184,9.379999999999999e-05,1.0,TCACATAAAGTCGAAGCGCCCGGC
969,2722498.0,2722521.0,+,8.59184,9.379999999999999e-05,1.0,TAACATCAAAGAGGGCGAGGTCAC
970,978485.0,978508.0,+,8.58163,9.41e-05,1.0,TCCCATTGAACGGCGGGAGGCGGC
971,2131849.0,2131872.0,+,8.57143,9.449999999999999e-05,1.0,CCACATTTTCCGGCCCCAGCCCCC
972,3574567.0,3574590.0,-,8.57143,9.449999999999999e-05,1.0,TAACAATTTTTAAAGGAATGACAC
973,6025768.0,6025791.0,-,8.56122,9.48e-05,1.0,CAACAACGTGGGGCTGTACGCCAT
974,72593.0,72616.0,-,8.55102,9.520000000000001e-05,1.0,TCACAACAATTCTTATACCACCAT
975,196551.0,196574.0,+,8.55102,9.520000000000001e-05,1.0,CAACATTCTGGAGCGCGTCTTCAT
976,230081.0,230104.0,+,8.55102,9.520000000000001e-05,1.0,CGACAATGTTGTCTCGTTCACGAC
977,873689.0,873712.0,+,8.55102,9.520000000000001e-05,1.0,CCACATCATTTGCGGTGAACTGAT
978,2761974.0,2761997.0,-,8.55102,9.520000000000001e-05,1.0,TACCATACTGCTCACGCTTCTGAC
979,4370781.0,4370804.0,-,8.55102,9.520000000000001e-05,1.0,TACCAACCCGCACGGAAACCCGAT
980,4398895.0,4398918.0,+,8.55102,9.520000000000001e-05,1.0,CCACATTGGTGGCCGGAACCCCGC
981,4706609.0,4706632.0,+,8.55102,9.520000000000001e-05,1.0,TGACAAATTCTCCGCCCTGGCGAC
982,1859380.0,1859403.0,-,8.530610000000001,9.58e-05,1.0,CAACATTATCCAAATCAAACTGAT
983,5068243.0,5068266.0,+,8.530610000000001,9.58e-05,1.0,CCACATTCAAAGAAGACGAACGGC
984,6007662.0,6007685.0,+,8.530610000000001,9.58e-05,1.0,CCACAAACATAAGCATCAGCAGAT
985,4883644.0,4883667.0,+,8.52041,9.609999999999999e-05,1.0,CAACAACCGCGCAGAATGGCCCAT
986,5528911.0,5528934.0,+,8.52041,9.609999999999999e-05,1.0,TCACATTCTCAATATAATCATCAT
987,273244.0,273267.0,-,8.5102,9.65e-05,1.0,TTACAAAAGGGGGCGACTTCCGAC
988,304354.0,304377.0,-,8.5102,9.65e-05,1.0,CGACAATGTTCAGCACATTGCGAC
989,4231691.0,4231714.0,+,8.5102,9.65e-05,1.0,TCACATTATAATTTTCTGAGCGAG
990,4352859.0,4352882.0,+,8.5102,9.65e-05,1.0,CCACATCCCGCTCCTGGCCGTCAT
991,5765087.0,5765110.0,+,8.5102,9.65e-05,1.0,CCCCAAAAAGCGCTTCTGTGTGAC
992,4280149.0,4280172.0,+,8.5,9.67e-05,1.0,TCCCAATTCCCGATTTCATCAGAT
993,5527832.0,5527855.0,+,8.5,9.67e-05,1.0,CCACATCCGGCGCTTCGCCCCGGC
994,5594261.0,5594284.0,+,8.5,9.67e-05,1.0,TCCCAATGTCTGGTAATGTCAGAT
995,6214631.0,6214654.0,-,8.5,9.67e-05,1.0,CAACAACCACAACGCCCCCACCAT
996,1051805.0,1051828.0,-,8.4898,9.71e-05,1.0,TCACAACACCGAATGGAATAACAC
997,1067760.0,1067783.0,-,8.4898,9.71e-05,1.0,CCACATCCAGCCTGCCGCCGTCAT
998,1810870.0,1810893.0,-,8.4898,9.71e-05,1.0,TCACAACAACAGCTACCAATTCAC
999,2295120.0,2295143.0,+,8.4898,9.71e-05,1.0,CAACATTGAAGGGGCAACCGACAT
1000,2763010.0,2763033.0,-,8.4898,9.71e-05,1.0,TTACAAAAGCGGCGTCACGACGAC
1001,4020430.0,4020453.0,-,8.4898,9.71e-05,1.0,TCACATTTGTTGCAGGGGCACCCC
1002,4204821.0,4204844.0,+,8.4898,9.71e-05,1.0,CCCCATCATGCTCTACGGTGAGAC
1003,1736375.0,1736398.0,-,8.47959,9.740000000000001e-05,1.0,TCATAATAAAGGCATCAATCCGAC
1004,5466246.0,5466269.0,+,8.47959,9.740000000000001e-05,1.0,CACCATATCCTTTTTGGCGGCCAC
1005,447119.0,447142.0,+,8.469389999999999,9.779999999999999e-05,1.0,TCACCTTATACTCAGCGCCGCCAC
1006,1028809.0,1028832.0,-,8.469389999999999,9.779999999999999e-05,1.0,CCACATCCGCCGCCCGGAACACAT
1007,1055849.0,1055872.0,+,8.469389999999999,9.779999999999999e-05,1.0,CACCATTGACGAACTGGTGGCCAT
1008,1840694.0,1840717.0,-,8.469389999999999,9.779999999999999e-05,1.0,CCCCATCTCATGGGTGACACAGAC
1009,2105660.0,2105683.0,+,8.469389999999999,9.779999999999999e-05,1.0,TCACATTCATTTCCGGTGCGGCAC
1010,2717129.0,2717152.0,-,8.469389999999999,9.779999999999999e-05,1.0,CCCCATCAACGGCATTGTCCTGAC
1011,3352322.0,3352345.0,+,8.469389999999999,9.779999999999999e-05,1.0,CCACAATTCGCCGATTTTCTTCAT
1012,4794485.0,4794508.0,-,8.469389999999999,9.779999999999999e-05,1.0,CCCCAAAATCATGCAGGCCATGAC
1013,5245744.0,5245767.0,+,8.469389999999999,9.779999999999999e-05,1.0,TCACAAAAATATCTGAACTCTGAT
1014,5595366.0,5595389.0,+,8.469389999999999,9.779999999999999e-05,1.0,TCACAAAAAATCGCGTATATTGAT
1015,6455762.0,6455785.0,-,8.469389999999999,9.779999999999999e-05,1.0,CCACATACAAACAAAAAAAACCAT
1016,575447.0,575470.0,+,8.45918,9.81e-05,1.0,TAACAACGCTGGCGCGGATTTCAC
1017,2943449.0,2943472.0,+,8.45918,9.81e-05,1.0,CCACAAACGCAGGCGGGCCTGGAC
1018,3911206.0,3911229.0,-,8.45918,9.81e-05,1.0,CCACATCCGGCAGCACGGCCCGCC
1019,6575465.0,6575488.0,+,8.45918,9.81e-05,1.0,TAACATTGATACTGGCCTGTCGGC
1020,5455.0,5478.0,-,8.44898,9.85e-05,1.0,CCCCATCAGCCAGATCATCGAGAC
1021,1059927.0,1059950.0,+,8.44898,9.85e-05,1.0,CACCATTGACAATGCCAGCCCCAT
1022,2344990.0,2345013.0,-,8.44898,9.85e-05,1.0,CCCCATCAGCGACATCTCCAAGAC
1023,2596021.0,2596044.0,+,8.44898,9.85e-05,1.0,CCCCATCTGCAACATGGAGCTGAC
1024,5906878.0,5906901.0,+,8.44898,9.85e-05,1.0,TCACATCCTCCGGCGTGCTTACAT
1025,5071415.0,5071438.0,+,8.43878,9.88e-05,1.0,CCACAAAAGCCCGACCGGGGGGAC
1026,5664056.0,5664079.0,-,8.43878,9.88e-05,1.0,CCACAATTTTATCCGATGCCCGCC
1027,463095.0,463118.0,-,8.42857,9.92e-05,1.0,TCACATCGGCCAGTCCCTTGACAT
1028,908024.0,908047.0,-,8.42857,9.92e-05,1.0,TCACAAAAAGGATGAGTAAAAGAT
1029,2401362.0,2401385.0,+,8.42857,9.92e-05,1.0,TCACATCCGTATTCCGGCGGTCAT
1030,722270.0,722293.0,+,8.41837,9.96e-05,1.0,TCACAGTTCACCCTGCTGGGAGAC
1031,310408.0,310431.0,+,8.40816,9.990000000000002e-05,1.0,CCCCATCCGGAGGCGGACCACCAT
1032,2046308.0,2046331.0,+,8.40816,9.990000000000002e-05,1.0,TCACATTACAAGCTGGACGGCCAG
1033,2615128.0,2615151.0,-,8.40816,9.990000000000002e-05,1.0,CAACATGCAGGTCTGCAACCCGAC
1034,3392419.0,3392442.0,+,8.40816,9.990000000000002e-05,1.0,TCACAAAAAAAGAATCAGACAGAT
1035,3435373.0,3435396.0,+,8.40816,9.990000000000002e-05,1.0,TCACATCCGTCGTGGCAGGATCAT
